customerID,gender,SeniorCitizen,tenure,PhoneService,InternetService,Contract,PaperlessBilling,PaymentMethod,MonthlyCharges,TotalCharges,Churn
cust-0032,male,0,21.0,yes,fiber optic,month-to-month,no,credit card,29.73,600.01,yes
cust-0110,male,0,55.0,yes,fiber optic,two year,yes,bank transfer,46.32,2515.48,no
cust-0137,female,1,46.0,yes,fiber optic,month-to-month,no,mailed check,87.06,4153.97,yes
cust-0089,female,1,63.0,yes,fiber optic,month-to-month,yes,mailed check,56.97,3641.3,yes
cust-0919,female,0,8.0,yes,dsl,month-to-month,no,electronic check,39.69,309.79,yes
cust-0298,male,0,51.0,yes,fiber optic,month-to-month,yes,mailed check,67.12,3591.46,yes
cust-0871,male,0,5.0,yes,dsl,month-to-month,yes,mailed check,57.59,291.98,yes
cust-0319,male,0,61.0,yes,dsl,one year,yes,mailed check,105.22,6547.31,no
cust-0262,female,0,41.0,yes,dsl,month-to-month,yes,electronic check,41.74,1760.03,no
cust-0536,female,0,19.0,yes,no,one year,yes,electronic check,57.72,1149.78,no
cust-0920,male,0,13.0,yes,fiber optic,month-to-month,no,mailed check,66.97,878.77,yes
cust-0597,female,0,30.0,yes,dsl,two year,yes,electronic check,23.2,668.6,no
cust-0077,female,0,7.0,yes,no,month-to-month,yes,mailed check,31.57,227.07,yes
cust-0108,female,0,41.0,yes,fiber optic,month-to-month,yes,mailed check,76.47,,yes
cust-0425,male,1,18.0,no,dsl,month-to-month,no,electronic check,97.42,1763.21,yes
cust-0585,female,1,43.0,yes,fiber optic,one year,no,electronic check,24.72,1027.74,no
cust-0854,female,1,10.0,yes,fiber optic,month-to-month,no,electronic check,45.39,451.97,yes
cust-0665,male,1,19.0,yes,fiber optic,two year,yes,credit card,,483.31,no
cust-0830,male,0,8.0,yes,no,two year,yes,electronic check,43.27,331.4,no
cust-0421,female,0,38.0,yes,fiber optic,two year,no,mailed check,91.43,3438.64,no
cust-0598,male,0,57.0,yes,no,month-to-month,yes,credit card,32.31,1764.75,yes
cust-0459,male,0,60.0,yes,dsl,month-to-month,yes,bank transfer,85.81,,yes
cust-0313,male,0,55.0,yes,dsl,two year,yes,bank transfer,20.26,1156.29,no
cust-0650,male,0,39.0,yes,no,month-to-month,yes,credit card,106.03,4177.57,no
cust-0366,male,0,19.0,no,dsl,two year,yes,bank transfer,42.25,779.98,no
cust-0322,female,0,27.0,yes,no,one year,no,credit card,92.97,2445.32,no
cust-0630,male,0,3.0,yes,fiber optic,one year,yes,bank transfer,43.72,128.22,no
cust-0915,female,0,17.0,yes,fiber optic,one year,yes,bank transfer,33.22,562.84,no
cust-0469,male,1,34.0,yes,dsl,month-to-month,no,electronic check,100.29,3439.15,no
cust-0599,male,0,47.0,yes,dsl,month-to-month,yes,credit card,88.76,3964.26,no
cust-0395,male,0,51.0,yes,fiber optic,month-to-month,yes,credit card,85.06,4475.06,no
cust-0537,female,0,64.0,yes,dsl,month-to-month,yes,mailed check,90.5,5519.97,yes
cust-0721,female,0,37.0,yes,fiber optic,two year,no,credit card,33.93,1211.79,no
cust-0334,male,1,49.0,yes,dsl,month-to-month,yes,mailed check,34.68,1681.06,yes
cust-0410,male,1,41.0,yes,no,two year,no,mailed check,82.84,3410.42,yes
cust-0060,male,0,2.0,yes,dsl,month-to-month,no,bank transfer,91.08,191.03,no
cust-0257,female,0,41.0,yes,fiber optic,month-to-month,no,bank transfer,,3480.64,yes
cust-0970,male,0,41.0,yes,fiber optic,two year,no,bank transfer,74.72,3013.27,no
cust-0686,female,1,4.0,yes,dsl,two year,no,electronic check,45.26,184.43,no
cust-0343,male,1,62.0,yes,fiber optic,one year,yes,electronic check,48.19,2867.83,no
cust-0636,male,0,61.0,yes,fiber optic,two year,no,credit card,29.7,,no
cust-0709,male,0,9.0,no,fiber optic,two year,yes,mailed check,25.97,223.55,no
cust-0011,male,0,56.0,no,no,month-to-month,yes,mailed check,57.39,,no
cust-0486,female,0,51.0,yes,no,month-to-month,no,electronic check,68.43,,yes
cust-0210,male,1,57.0,yes,no,month-to-month,no,bank transfer,87.34,5134.85,yes
cust-0140,female,0,63.0,yes,fiber optic,two year,yes,bank transfer,89.89,5588.37,no
cust-0389,female,1,41.0,yes,no,month-to-month,no,mailed check,23.03,957.89,yes
cust-0623,male,0,63.0,yes,fiber optic,month-to-month,yes,electronic check,99.57,6560.55,no
cust-0825,female,0,16.0,yes,dsl,one year,yes,electronic check,94.96,1507.47,yes
cust-0718,female,0,70.0,yes,fiber optic,month-to-month,yes,credit card,76.76,5549.35,yes
cust-0846,male,0,28.0,yes,dsl,month-to-month,yes,mailed check,107.97,3125.56,no
cust-0688,male,0,8.0,yes,fiber optic,month-to-month,no,electronic check,44.12,360.48,yes
cust-0936,male,0,48.0,yes,fiber optic,two year,no,mailed check,83.27,4194.59,no
cust-0582,female,0,61.0,yes,fiber optic,one year,no,electronic check,,1712.65,no
cust-0383,female,1,33.0,yes,dsl,month-to-month,no,electronic check,93.39,3136.56,no
cust-0071,female,0,10.0,yes,dsl,one year,yes,mailed check,41.97,413.02,no
cust-0261,female,0,2.0,yes,dsl,month-to-month,no,electronic check,52.93,,no
cust-0801,female,1,43.0,yes,dsl,one year,yes,bank transfer,74.56,3049.0,no
cust-0454,female,0,65.0,yes,dsl,one year,no,credit card,31.24,2108.62,no
cust-0592,female,1,66.0,yes,dsl,month-to-month,no,electronic check,,3716.68,no
cust-0907,female,1,18.0,yes,dsl,one year,yes,electronic check,49.11,902.72,no
cust-0785,male,0,53.0,yes,dsl,month-to-month,yes,credit card,69.13,3718.68,yes
cust-0214,male,0,,yes,fiber optic,month-to-month,yes,credit card,88.67,1455.85,yes
cust-0097,female,0,52.0,yes,dsl,one year,yes,mailed check,63.45,3257.67,no
cust-0680,female,0,28.0,no,no,month-to-month,no,electronic check,48.31,1399.11,yes
cust-0850,female,0,71.0,yes,dsl,month-to-month,no,bank transfer,30.87,2218.5,yes
cust-0913,female,1,29.0,yes,dsl,month-to-month,yes,credit card,,1917.39,yes
cust-0881,male,0,46.0,yes,fiber optic,month-to-month,yes,bank transfer,68.43,3074.46,yes
cust-0193,female,0,40.0,no,no,one year,no,electronic check,52.53,2152.86,yes
cust-0281,female,0,,yes,dsl,month-to-month,no,electronic check,108.8,943.17,no
cust-0534,female,0,17.0,yes,no,one year,yes,electronic check,76.74,1319.73,no
cust-0683,male,0,22.0,yes,fiber optic,month-to-month,yes,credit card,59.96,1368.16,yes
cust-0618,male,0,60.0,yes,dsl,month-to-month,yes,bank transfer,90.83,5275.1,no
cust-0983,male,0,26.0,yes,dsl,month-to-month,yes,bank transfer,84.47,2131.49,no
cust-0911,female,0,6.0,yes,fiber optic,month-to-month,yes,electronic check,34.2,197.73,no
cust-0185,male,0,69.0,yes,no,month-to-month,yes,credit card,,1738.72,yes
cust-0031,female,0,58.0,yes,no,month-to-month,no,electronic check,77.92,4625.56,no
cust-0329,male,0,48.0,yes,fiber optic,month-to-month,yes,electronic check,,3915.92,no
cust-0507,female,0,49.0,yes,fiber optic,one year,yes,bank transfer,25.81,,no
cust-0055,female,1,17.0,yes,fiber optic,two year,yes,electronic check,38.86,648.36,no
cust-0024,male,1,71.0,yes,no,month-to-month,no,electronic check,85.92,5812.29,yes
cust-0102,female,1,69.0,yes,dsl,two year,yes,credit card,32.33,2221.55,yes
cust-0550,female,0,12.0,yes,no,one year,no,electronic check,85.49,991.47,no
cust-0248,female,0,40.0,yes,dsl,two year,no,credit card,47.95,1974.76,no
cust-0004,female,0,14.0,yes,dsl,one year,no,mailed check,44.77,606.39,no
cust-0087,female,0,28.0,yes,fiber optic,one year,no,electronic check,102.34,2770.45,no
cust-0844,female,0,15.0,yes,no,month-to-month,yes,credit card,92.58,1436.2,no
cust-0953,male,0,17.0,yes,dsl,month-to-month,no,electronic check,46.91,820.38,yes
cust-0291,male,0,,yes,fiber optic,month-to-month,yes,mailed check,25.08,,no
cust-0211,female,0,53.0,yes,no,month-to-month,no,electronic check,30.21,1604.28,yes
cust-0803,female,0,60.0,yes,dsl,two year,no,bank transfer,22.2,1279.97,no
cust-0175,female,0,34.0,yes,no,month-to-month,no,mailed check,,1939.95,no
cust-0200,female,0,63.0,yes,dsl,two year,yes,electronic check,96.53,6265.33,yes
cust-0903,male,0,64.0,yes,no,month-to-month,yes,electronic check,106.82,7016.28,yes
cust-0064,male,0,16.0,yes,no,month-to-month,no,credit card,27.11,,no
cust-0266,female,0,48.0,yes,fiber optic,month-to-month,yes,credit card,29.5,1435.94,no
cust-0232,female,0,48.0,yes,no,month-to-month,yes,electronic check,91.45,4280.12,yes
cust-0804,female,0,65.0,yes,fiber optic,one year,yes,electronic check,91.16,6020.1,yes
cust-0626,male,0,,yes,fiber optic,month-to-month,yes,bank transfer,24.36,854.95,no
cust-0569,female,0,4.0,yes,no,month-to-month,no,credit card,,156.12,yes
cust-0855,male,1,45.0,no,no,month-to-month,no,credit card,,1847.81,no
cust-0040,male,0,41.0,yes,fiber optic,two year,yes,electronic check,76.57,3248.43,no
cust-0807,female,0,47.0,yes,fiber optic,month-to-month,yes,electronic check,20.53,936.63,no
cust-0169,male,0,21.0,yes,dsl,one year,no,mailed check,36.49,800.13,no
cust-0591,male,0,,no,fiber optic,month-to-month,no,electronic check,34.01,705.18,no
cust-0465,female,1,38.0,yes,dsl,two year,yes,electronic check,64.07,2513.11,no
cust-0999,female,0,67.0,yes,dsl,month-to-month,yes,mailed check,25.48,1669.43,no
cust-0443,male,0,,yes,fiber optic,month-to-month,no,mailed check,35.94,851.96,no
cust-0909,male,0,55.0,yes,no,two year,no,credit card,65.03,3731.89,no
cust-0067,male,0,40.0,yes,dsl,one year,yes,credit card,94.38,3916.82,no
cust-0308,male,0,22.0,yes,fiber optic,month-to-month,yes,electronic check,88.2,2004.13,no
cust-0068,female,0,38.0,yes,dsl,month-to-month,no,bank transfer,102.24,3701.2,yes
cust-0199,female,0,1.0,yes,dsl,month-to-month,no,mailed check,57.42,59.45,no
cust-0529,male,0,,yes,fiber optic,one year,no,electronic check,48.64,949.12,no
cust-0482,female,0,26.0,yes,fiber optic,month-to-month,no,bank transfer,25.66,663.37,yes
cust-0758,female,0,54.0,yes,dsl,two year,yes,bank transfer,,,no
cust-0988,male,0,23.0,yes,no,one year,yes,electronic check,33.84,778.03,no
cust-0363,male,0,45.0,no,no,month-to-month,no,mailed check,92.27,,yes
cust-0845,male,1,32.0,no,fiber optic,month-to-month,yes,mailed check,65.92,2070.11,yes
cust-0559,female,0,33.0,yes,dsl,month-to-month,no,bank transfer,108.65,3607.91,no
cust-0619,female,0,1.0,yes,dsl,one year,yes,electronic check,30.47,29.02,no
cust-0353,female,0,39.0,yes,fiber optic,month-to-month,yes,bank transfer,49.53,1837.95,yes
cust-0761,male,0,34.0,yes,fiber optic,two year,no,bank transfer,56.7,1892.71,no
cust-0930,male,0,28.0,yes,no,one year,no,bank transfer,48.26,1351.51,no
cust-0293,female,0,,yes,fiber optic,one year,yes,credit card,46.52,856.61,no
cust-0753,female,0,31.0,yes,dsl,month-to-month,yes,credit card,54.08,1625.04,yes
cust-0101,male,0,,yes,fiber optic,one year,no,mailed check,79.38,1510.12,no
cust-0158,female,1,61.0,yes,fiber optic,month-to-month,no,bank transfer,92.52,5637.98,yes
cust-0646,female,0,13.0,yes,fiber optic,month-to-month,yes,mailed check,71.93,909.44,yes
cust-0809,male,0,27.0,yes,dsl,two year,yes,credit card,25.68,694.95,no
cust-0306,female,1,28.0,yes,dsl,two year,yes,credit card,40.77,1139.39,no
cust-0629,male,0,,yes,dsl,two year,no,mailed check,63.51,1932.41,no
cust-0159,male,1,9.0,yes,fiber optic,month-to-month,yes,bank transfer,44.42,400.48,yes
cust-0552,female,0,17.0,yes,fiber optic,month-to-month,no,credit card,26.46,447.85,no
cust-0003,female,1,55.0,yes,dsl,two year,no,mailed check,94.3,5132.29,no
cust-0729,male,0,47.0,yes,fiber optic,month-to-month,no,electronic check,88.31,4063.61,yes
cust-0209,male,0,21.0,yes,fiber optic,month-to-month,yes,credit card,56.83,1242.47,yes
cust-0300,male,0,20.0,yes,dsl,month-to-month,yes,electronic check,50.13,983.63,yes
cust-0851,male,0,,yes,fiber optic,month-to-month,yes,bank transfer,58.35,3291.15,no
cust-0437,male,0,63.0,yes,no,two year,yes,credit card,38.98,2351.21,no
cust-0870,female,0,26.0,yes,fiber optic,month-to-month,no,bank transfer,86.56,,yes
cust-0412,female,0,35.0,no,fiber optic,month-to-month,yes,credit card,21.83,727.86,no
cust-0615,female,0,13.0,yes,dsl,month-to-month,no,electronic check,103.43,1409.19,no
cust-0908,male,0,19.0,yes,fiber optic,one year,yes,electronic check,22.08,435.0,no
cust-0997,female,1,37.0,yes,fiber optic,month-to-month,yes,mailed check,52.06,1967.47,no
cust-0963,male,0,10.0,yes,fiber optic,two year,yes,bank transfer,67.3,700.19,no
cust-0701,female,1,,no,no,two year,yes,bank transfer,,4846.4,no
cust-0779,female,0,,no,fiber optic,one year,no,bank transfer,35.45,1721.76,no
cust-0307,female,0,,yes,no,month-to-month,no,credit card,51.57,200.22,yes
cust-0222,female,0,14.0,yes,dsl,two year,yes,bank transfer,81.63,1116.03,no
cust-0494,male,0,42.0,yes,fiber optic,month-to-month,no,bank transfer,72.84,,no
cust-0424,male,0,54.0,yes,fiber optic,two year,yes,bank transfer,77.6,4279.56,no
cust-0299,female,0,38.0,yes,fiber optic,two year,yes,electronic check,38.42,1420.09,no
cust-0468,female,0,8.0,yes,fiber optic,month-to-month,yes,bank transfer,51.32,411.1,no
cust-0885,female,0,62.0,yes,dsl,month-to-month,yes,electronic check,23.33,1400.93,yes
cust-0756,female,0,9.0,yes,no,month-to-month,yes,electronic check,69.81,628.78,no
cust-0107,male,0,24.0,yes,fiber optic,month-to-month,no,credit card,106.5,2452.89,no
cust-0859,female,1,28.0,yes,dsl,month-to-month,yes,electronic check,88.46,2519.07,no
cust-0056,female,0,70.0,yes,fiber optic,two year,yes,electronic check,33.06,2385.97,no
cust-0121,female,1,3.0,yes,dsl,month-to-month,yes,bank transfer,80.66,,yes
cust-0311,male,0,66.0,no,fiber optic,month-to-month,no,electronic check,71.03,,yes
cust-0026,female,0,42.0,yes,fiber optic,one year,yes,bank transfer,81.18,3245.74,no
cust-0073,male,0,63.0,yes,dsl,month-to-month,no,electronic check,72.78,4443.93,no
cust-0531,female,0,8.0,yes,dsl,two year,no,electronic check,87.13,720.33,no
cust-0045,male,1,33.0,yes,no,one year,yes,electronic check,107.97,3423.09,no
cust-0276,female,0,20.0,yes,fiber optic,month-to-month,no,mailed check,104.4,2029.32,no
cust-0479,female,0,67.0,yes,fiber optic,month-to-month,no,credit card,107.11,7398.14,yes
cust-0315,female,0,38.0,yes,fiber optic,month-to-month,yes,electronic check,29.98,1181.99,no
cust-0337,female,0,8.0,yes,dsl,two year,yes,electronic check,35.14,279.75,no
cust-0690,male,0,31.0,yes,fiber optic,one year,yes,mailed check,79.34,2398.61,no
cust-0431,male,0,32.0,yes,fiber optic,month-to-month,yes,electronic check,25.33,798.88,no
cust-0951,female,0,20.0,yes,no,month-to-month,yes,mailed check,90.5,1740.92,no
cust-0834,male,0,67.0,yes,fiber optic,month-to-month,no,electronic check,83.07,5576.06,yes
cust-0589,male,0,42.0,no,fiber optic,month-to-month,no,electronic check,67.03,2786.08,yes
cust-0704,male,0,29.0,yes,fiber optic,two year,no,electronic check,86.31,2434.07,no
cust-0328,female,0,35.0,yes,no,month-to-month,yes,electronic check,29.55,1015.44,no
cust-0716,female,1,13.0,yes,no,month-to-month,yes,credit card,99.15,1287.69,yes
cust-0604,male,0,71.0,yes,fiber optic,month-to-month,no,bank transfer,100.88,7313.2,no
cust-0928,female,0,37.0,yes,fiber optic,one year,yes,bank transfer,27.78,1055.09,no
cust-0981,male,0,47.0,yes,fiber optic,month-to-month,yes,electronic check,,3784.76,no
cust-0972,female,0,69.0,yes,no,month-to-month,yes,mailed check,60.88,4158.85,yes
cust-0763,male,0,8.0,yes,no,one year,yes,electronic check,89.12,713.77,no
cust-0332,female,0,13.0,yes,fiber optic,month-to-month,no,mailed check,103.59,1364.79,yes
cust-0061,male,1,22.0,no,dsl,month-to-month,no,credit card,,1763.82,yes
cust-0746,female,0,28.0,yes,dsl,month-to-month,no,credit card,108.06,,no
cust-0372,male,0,69.0,yes,no,two year,no,bank transfer,38.92,2619.63,no
cust-0093,female,0,44.0,yes,dsl,month-to-month,yes,mailed check,75.39,3403.31,no
cust-0723,male,0,58.0,yes,no,two year,yes,electronic check,49.64,,no
cust-0491,male,0,30.0,yes,fiber optic,one year,yes,bank transfer,34.45,987.69,no
cust-0463,female,0,11.0,yes,fiber optic,month-to-month,yes,bank transfer,106.61,1179.84,yes
cust-0219,female,0,59.0,yes,fiber optic,month-to-month,yes,bank transfer,58.51,3555.54,no
cust-0514,female,0,32.0,yes,fiber optic,one year,no,electronic check,96.5,3193.46,no
cust-0621,male,0,35.0,yes,dsl,month-to-month,yes,mailed check,107.14,3782.72,yes
cust-0426,female,1,36.0,yes,no,two year,yes,electronic check,105.12,3937.28,no
cust-0333,male,0,61.0,yes,fiber optic,month-to-month,yes,credit card,92.39,5654.23,yes
cust-0860,male,0,65.0,yes,fiber optic,one year,no,electronic check,63.27,,no
cust-0990,female,0,8.0,yes,fiber optic,month-to-month,yes,electronic check,102.34,,yes
cust-0583,male,0,31.0,yes,dsl,month-to-month,yes,electronic check,22.03,698.3,no
cust-0356,female,1,39.0,yes,dsl,month-to-month,yes,bank transfer,60.79,2285.26,no
cust-0483,male,0,27.0,yes,dsl,two year,no,mailed check,62.85,1719.47,no
cust-0546,male,0,56.0,yes,no,month-to-month,yes,credit card,64.75,3807.12,no
cust-0111,male,0,9.0,yes,fiber optic,one year,yes,credit card,83.48,756.04,yes
cust-0515,male,0,51.0,no,dsl,one year,yes,mailed check,96.17,,no
cust-0603,male,0,26.0,no,dsl,month-to-month,yes,credit card,91.93,2341.44,yes
cust-0996,male,0,15.0,yes,fiber optic,month-to-month,no,mailed check,69.18,1008.36,yes
cust-0508,female,0,13.0,yes,fiber optic,month-to-month,yes,credit card,71.99,960.6,yes
cust-0335,male,1,46.0,yes,no,one year,no,mailed check,42.43,1911.06,no
cust-0849,female,1,59.0,no,dsl,month-to-month,yes,mailed check,60.32,3562.46,no
cust-0295,male,0,52.0,no,fiber optic,two year,yes,electronic check,40.14,2020.74,no
cust-0287,male,0,47.0,yes,dsl,month-to-month,no,electronic check,101.88,4836.89,no
cust-0939,male,0,67.0,yes,fiber optic,month-to-month,yes,electronic check,54.69,3691.66,yes
cust-0448,female,0,37.0,yes,dsl,month-to-month,yes,bank transfer,45.61,1725.05,no
cust-0693,female,0,57.0,yes,fiber optic,month-to-month,no,mailed check,34.28,,yes
cust-0653,female,0,55.0,yes,fiber optic,two year,no,credit card,93.53,4995.17,no
cust-0969,female,0,22.0,yes,fiber optic,one year,no,mailed check,57.81,1269.7,no
cust-0278,female,1,44.0,yes,dsl,two year,yes,bank transfer,21.76,936.09,no
cust-0759,female,0,56.0,yes,fiber optic,month-to-month,no,electronic check,103.45,5986.1,yes
cust-0138,female,0,16.0,yes,dsl,month-to-month,yes,electronic check,39.22,628.0,no
cust-0502,female,0,17.0,yes,no,one year,yes,bank transfer,106.06,1725.58,no
cust-0405,male,0,38.0,yes,fiber optic,month-to-month,no,electronic check,28.4,1087.15,no
cust-0524,female,0,13.0,no,dsl,month-to-month,yes,mailed check,109.74,1362.8,no
cust-0781,female,0,10.0,yes,fiber optic,one year,no,mailed check,22.29,220.51,no
cust-0978,male,0,19.0,yes,no,two year,no,electronic check,94.94,1829.79,no
cust-0581,male,0,47.0,no,fiber optic,month-to-month,no,bank transfer,106.76,5185.97,yes
cust-0238,male,0,45.0,yes,no,month-to-month,no,bank transfer,29.71,1366.25,yes
cust-0989,male,0,15.0,yes,fiber optic,month-to-month,yes,mailed check,91.41,1359.96,no
cust-0216,male,0,9.0,yes,fiber optic,month-to-month,yes,electronic check,105.9,923.4,yes
cust-0895,female,0,11.0,yes,dsl,month-to-month,no,bank transfer,34.72,379.31,yes
cust-0245,male,0,,yes,dsl,two year,yes,mailed check,62.78,3386.98,no
cust-0553,female,0,19.0,yes,no,month-to-month,no,bank transfer,87.26,1639.01,no
cust-0838,male,0,44.0,yes,fiber optic,one year,no,electronic check,76.11,3294.19,yes
cust-0864,male,0,54.0,yes,fiber optic,month-to-month,yes,credit card,37.72,2004.6,yes
cust-0668,male,1,31.0,yes,no,month-to-month,yes,bank transfer,70.67,2222.0,yes
cust-0622,male,0,66.0,yes,dsl,one year,no,electronic check,103.06,6503.79,no
cust-0079,male,0,20.0,yes,dsl,month-to-month,no,credit card,81.95,1644.18,no
cust-0030,male,0,37.0,yes,no,two year,yes,mailed check,62.55,2338.39,no
cust-0451,female,0,,yes,fiber optic,one year,no,credit card,74.72,2818.63,no
cust-0290,female,0,46.0,yes,dsl,month-to-month,yes,mailed check,32.07,1539.34,no
cust-0050,male,0,58.0,yes,dsl,month-to-month,no,mailed check,109.84,6489.59,yes
cust-0671,male,0,32.0,yes,dsl,two year,yes,bank transfer,43.13,1419.67,no
cust-0799,female,0,24.0,no,no,month-to-month,yes,electronic check,78.37,1864.45,yes
cust-0166,female,0,47.0,yes,dsl,month-to-month,yes,electronic check,78.72,3883.79,no
cust-0931,male,0,42.0,yes,no,month-to-month,no,electronic check,61.36,2519.05,no
cust-0179,female,0,58.0,yes,dsl,month-to-month,yes,mailed check,41.43,2349.14,no
cust-0694,male,0,26.0,yes,fiber optic,month-to-month,no,bank transfer,48.14,1231.27,no
cust-0066,female,0,39.0,yes,dsl,month-to-month,yes,mailed check,90.63,3631.23,no
cust-0142,male,0,30.0,yes,dsl,one year,no,electronic check,25.35,725.63,no
cust-0986,male,0,21.0,no,fiber optic,one year,yes,bank transfer,102.51,2082.07,no
cust-0352,female,0,59.0,yes,no,one year,no,credit card,20.48,1197.99,no
cust-0862,male,0,47.0,yes,fiber optic,month-to-month,no,electronic check,,4068.7,yes
cust-0441,male,1,57.0,yes,dsl,month-to-month,no,electronic check,101.33,6009.5,no
cust-0347,female,0,49.0,yes,fiber optic,month-to-month,no,mailed check,59.85,3019.9,no
cust-0255,male,0,53.0,yes,no,one year,no,bank transfer,23.26,1175.01,no
cust-0695,male,0,18.0,yes,no,month-to-month,no,bank transfer,29.53,505.72,yes
cust-0345,male,0,,yes,no,month-to-month,yes,electronic check,,430.38,no
cust-0236,female,0,19.0,yes,fiber optic,month-to-month,no,bank transfer,22.6,449.19,yes
cust-0548,female,0,41.0,yes,fiber optic,month-to-month,no,mailed check,37.27,1539.7,no
cust-0500,female,1,59.0,yes,no,month-to-month,yes,electronic check,46.23,2772.52,yes
cust-0596,male,0,56.0,yes,dsl,two year,no,bank transfer,48.49,,no
cust-0941,male,0,45.0,yes,fiber optic,one year,no,mailed check,95.77,4251.21,yes
cust-0250,female,0,,no,no,month-to-month,yes,credit card,82.19,761.41,no
cust-0641,male,0,34.0,yes,dsl,month-to-month,yes,mailed check,75.97,2546.17,no
cust-0382,female,0,68.0,yes,fiber optic,one year,no,credit card,25.64,1694.64,no
cust-0072,male,0,64.0,yes,fiber optic,month-to-month,yes,mailed check,,5838.56,no
cust-0095,female,0,6.0,yes,dsl,month-to-month,yes,mailed check,60.25,359.9,yes
cust-0034,female,0,,yes,fiber optic,one year,yes,electronic check,107.48,333.38,yes
cust-0260,male,0,8.0,yes,fiber optic,one year,yes,mailed check,90.31,690.91,no
cust-0205,female,0,47.0,yes,fiber optic,month-to-month,no,mailed check,70.49,,yes
cust-0360,female,0,19.0,yes,dsl,month-to-month,yes,mailed check,23.65,,yes
cust-0602,male,0,8.0,yes,fiber optic,month-to-month,yes,credit card,27.78,225.3,yes
cust-0399,female,0,39.0,yes,dsl,one year,yes,credit card,101.3,3993.88,yes
cust-0078,male,0,,yes,dsl,month-to-month,no,bank transfer,22.35,483.6,no
cust-0085,male,1,40.0,yes,fiber optic,month-to-month,no,bank transfer,21.7,858.8,no
cust-0320,male,0,12.0,yes,fiber optic,one year,yes,bank transfer,62.08,,no
cust-0083,male,0,14.0,yes,dsl,month-to-month,yes,electronic check,27.59,393.15,no
cust-0948,female,0,32.0,yes,no,two year,yes,electronic check,47.79,1476.56,no
cust-0708,female,0,19.0,yes,dsl,one year,no,credit card,103.48,,no
cust-0539,male,0,54.0,no,dsl,one year,yes,bank transfer,82.82,4527.57,no
cust-0544,female,0,11.0,yes,dsl,month-to-month,yes,electronic check,24.16,261.89,no
cust-0826,female,0,43.0,yes,no,month-to-month,yes,bank transfer,86.84,3602.23,no
cust-0429,male,0,,yes,fiber optic,two year,yes,bank transfer,27.08,835.61,no
cust-0310,male,0,67.0,yes,dsl,month-to-month,yes,mailed check,82.01,,no
cust-0006,male,0,16.0,yes,fiber optic,month-to-month,yes,bank transfer,83.7,1312.17,no
cust-0789,male,0,24.0,yes,dsl,month-to-month,yes,mailed check,73.45,1765.13,no
cust-0105,female,1,12.0,no,fiber optic,two year,no,bank transfer,74.77,902.51,no
cust-0098,male,0,23.0,yes,dsl,two year,no,credit card,49.08,1151.64,no
cust-0297,female,0,,yes,fiber optic,month-to-month,yes,mailed check,109.19,2283.7,yes
cust-0409,female,0,,no,fiber optic,month-to-month,no,bank transfer,106.05,201.87,yes
cust-0446,female,0,56.0,yes,dsl,month-to-month,yes,electronic check,70.97,3830.36,yes
cust-0904,female,0,59.0,yes,dsl,one year,yes,credit card,65.83,3916.82,no
cust-0282,male,0,68.0,yes,dsl,two year,yes,credit card,75.74,5029.75,no
cust-0267,female,0,30.0,yes,dsl,month-to-month,no,bank transfer,83.59,2460.15,no
cust-0740,male,0,,yes,fiber optic,month-to-month,yes,mailed check,43.36,886.3,yes
cust-0887,female,0,46.0,yes,,one year,no,electronic check,83.43,3850.6,no
cust-0535,female,0,,yes,fiber optic,month-to-month,yes,bank transfer,101.71,3615.88,no
cust-0433,female,0,67.0,yes,no,two year,no,electronic check,36.62,2482.05,no
cust-0912,male,1,4.0,yes,dsl,one year,yes,electronic check,88.79,345.82,no
cust-0657,male,0,65.0,no,fiber optic,one year,no,credit card,50.18,3113.0,no
cust-0119,female,0,2.0,yes,fiber optic,month-to-month,no,credit card,93.9,185.97,no
cust-0406,female,0,3.0,yes,dsl,month-to-month,no,bank transfer,66.88,199.53,yes
cust-0251,male,0,64.0,yes,,month-to-month,no,bank transfer,56.37,3557.13,yes
cust-0378,male,0,49.0,yes,fiber optic,month-to-month,yes,electronic check,73.7,3714.7,no
cust-0616,female,0,8.0,yes,fiber optic,month-to-month,yes,credit card,,641.78,yes
cust-0010,female,0,45.0,yes,dsl,month-to-month,yes,credit card,55.92,2627.68,yes
cust-0358,female,0,64.0,yes,fiber optic,month-to-month,yes,electronic check,52.39,3335.52,yes
cust-0197,female,1,70.0,yes,dsl,month-to-month,yes,electronic check,60.31,,yes
cust-0632,female,0,60.0,yes,fiber optic,month-to-month,no,electronic check,34.65,2027.89,no
cust-0082,female,0,15.0,yes,fiber optic,two year,no,electronic check,41.06,,no
cust-0527,male,0,17.0,yes,fiber optic,two year,yes,bank transfer,105.97,1872.93,no
cust-0831,male,1,45.0,yes,dsl,month-to-month,yes,bank transfer,101.06,4606.42,yes
cust-0906,female,0,11.0,yes,no,month-to-month,no,credit card,52.07,572.09,no
cust-0240,male,0,63.0,yes,fiber optic,month-to-month,yes,mailed check,95.5,6130.37,yes
cust-0324,male,0,,yes,fiber optic,one year,no,credit card,103.39,6919.4,no
cust-0212,female,0,46.0,yes,fiber optic,one year,yes,credit card,42.28,1997.7,no
cust-0847,male,0,22.0,yes,fiber optic,month-to-month,no,credit card,45.35,990.57,no
cust-0549,female,0,46.0,yes,fiber optic,month-to-month,yes,credit card,,2347.06,yes
cust-0498,male,0,18.0,yes,dsl,month-to-month,yes,electronic check,80.37,1501.5,no
cust-0228,male,0,40.0,yes,no,one year,yes,electronic check,86.63,3486.86,no
cust-0892,female,0,44.0,yes,fiber optic,two year,yes,credit card,51.61,2181.5,no
cust-0815,female,0,37.0,yes,no,two year,yes,mailed check,90.6,3409.82,no
cust-0829,female,0,32.0,yes,dsl,month-to-month,no,bank transfer,22.85,748.3,no
cust-0178,male,0,47.0,yes,dsl,two year,no,electronic check,20.89,1013.71,no
cust-0975,male,0,51.0,yes,no,one year,no,bank transfer,90.55,4694.48,no
cust-0434,male,0,,yes,dsl,two year,yes,bank transfer,50.7,1419.44,no
cust-0944,female,0,54.0,yes,fiber optic,one year,yes,credit card,78.99,4358.79,yes
cust-0517,male,0,21.0,yes,fiber optic,one year,no,bank transfer,94.92,1896.16,no
cust-0351,female,1,51.0,no,dsl,month-to-month,yes,bank transfer,24.42,1198.9,yes
cust-0519,female,0,11.0,yes,dsl,month-to-month,yes,mailed check,58.15,626.67,no
cust-0008,female,1,70.0,yes,no,month-to-month,yes,electronic check,100.69,,no
cust-0156,male,0,26.0,yes,fiber optic,month-to-month,yes,credit card,29.2,752.9,no
cust-0945,male,0,27.0,yes,fiber optic,two year,yes,electronic check,20.74,565.78,no
cust-0330,male,0,56.0,yes,dsl,month-to-month,yes,electronic check,108.08,5899.33,yes
cust-0543,male,0,21.0,yes,fiber optic,month-to-month,no,electronic check,84.15,1842.19,no
cust-0440,male,0,32.0,yes,,one year,no,electronic check,70.28,2176.6,no
cust-0810,male,0,53.0,yes,fiber optic,month-to-month,no,credit card,102.22,5208.81,no
cust-0901,male,0,48.0,yes,fiber optic,two year,yes,bank transfer,30.22,1378.2,no
cust-0371,male,1,45.0,yes,no,one year,no,credit card,49.49,2174.17,no
cust-0605,male,0,30.0,yes,fiber optic,one year,yes,electronic check,104.7,3037.14,no
cust-0974,male,0,56.0,yes,no,month-to-month,no,electronic check,,5362.96,yes
cust-0594,male,0,24.0,yes,dsl,two year,yes,bank transfer,29.94,694.14,no
cust-0877,female,0,27.0,no,no,month-to-month,yes,credit card,73.13,1945.96,yes
cust-0555,female,0,,yes,fiber optic,one year,no,bank transfer,68.86,3162.99,no
cust-0754,male,0,2.0,yes,no,two year,no,electronic check,57.63,117.2,no
cust-0874,male,1,,yes,fiber optic,month-to-month,no,bank transfer,92.54,3122.77,no
cust-0533,female,0,5.0,no,dsl,month-to-month,no,mailed check,62.59,303.97,yes
cust-0867,male,0,47.0,yes,fiber optic,two year,no,mailed check,52.51,2587.73,no
cust-0229,female,1,14.0,no,no,month-to-month,yes,electronic check,48.15,667.5,no
cust-0391,female,0,2.0,yes,dsl,two year,no,credit card,74.79,,no
cust-0760,female,0,45.0,yes,fiber optic,month-to-month,yes,mailed check,72.97,3443.62,yes
cust-0213,female,0,14.0,yes,fiber optic,two year,no,electronic check,92.66,1300.18,no
cust-0080,male,1,26.0,yes,fiber optic,month-to-month,yes,credit card,74.37,,yes
cust-0149,male,1,69.0,no,dsl,two year,no,credit card,44.21,,no
cust-0303,female,0,4.0,yes,no,month-to-month,yes,electronic check,32.17,128.29,yes
cust-0449,male,1,,yes,dsl,month-to-month,yes,credit card,35.3,239.05,no
cust-0362,female,0,46.0,yes,fiber optic,month-to-month,yes,electronic check,,4333.79,no
cust-0532,female,0,28.0,yes,no,one year,yes,bank transfer,54.04,1438.7,no
cust-0530,female,0,37.0,yes,fiber optic,month-to-month,no,electronic check,34.94,1246.44,yes
cust-0044,female,0,,yes,dsl,month-to-month,yes,mailed check,49.17,3570.35,no
cust-0674,female,0,54.0,yes,dsl,month-to-month,no,bank transfer,106.89,5819.5,yes
cust-0134,male,0,9.0,yes,no,month-to-month,yes,electronic check,50.28,435.0,no
cust-0576,female,0,38.0,yes,fiber optic,month-to-month,yes,credit card,77.49,2932.15,no
cust-0312,male,1,34.0,yes,no,month-to-month,no,bank transfer,,2747.62,no
cust-0635,male,1,45.0,no,dsl,month-to-month,no,credit card,79.52,3697.29,yes
cust-0568,male,0,47.0,yes,no,month-to-month,yes,electronic check,86.51,,yes
cust-0821,female,0,58.0,yes,no,month-to-month,yes,electronic check,39.32,2280.55,yes
cust-0001,male,0,7.0,yes,dsl,month-to-month,no,mailed check,63.36,439.05,no
cust-0478,female,0,59.0,yes,fiber optic,one year,no,electronic check,78.57,4775.94,no
cust-0317,male,0,25.0,yes,dsl,month-to-month,no,electronic check,89.39,2213.38,no
cust-0738,female,0,47.0,yes,dsl,one year,yes,mailed check,91.98,4454.03,no
cust-0573,male,0,45.0,yes,fiber optic,month-to-month,no,credit card,81.7,3735.98,yes
cust-0381,male,0,66.0,yes,fiber optic,one year,no,mailed check,93.41,6052.96,no
cust-0833,male,0,,no,fiber optic,month-to-month,no,mailed check,,313.83,yes
cust-0973,female,0,11.0,yes,fiber optic,month-to-month,yes,electronic check,,450.3,yes
cust-0962,female,0,20.0,yes,fiber optic,two year,no,electronic check,,487.1,no
cust-0173,female,0,35.0,yes,fiber optic,two year,yes,electronic check,31.04,1134.66,no
cust-0126,male,0,1.0,yes,dsl,month-to-month,yes,bank transfer,66.99,69.77,yes
cust-0667,male,0,25.0,yes,fiber optic,month-to-month,yes,electronic check,109.35,2664.99,yes
cust-0835,male,0,29.0,no,fiber optic,month-to-month,no,electronic check,85.4,2545.71,no
cust-0940,female,0,13.0,no,dsl,month-to-month,yes,mailed check,68.08,876.01,yes
cust-0091,male,1,25.0,yes,dsl,month-to-month,no,electronic check,44.35,1094.62,no
cust-0979,male,1,60.0,yes,fiber optic,month-to-month,yes,mailed check,38.07,2246.53,yes
cust-0182,male,0,48.0,yes,dsl,month-to-month,no,mailed check,41.68,2072.19,no
cust-0364,female,0,1.0,yes,fiber optic,one year,yes,credit card,84.45,86.28,no
cust-0275,female,0,48.0,yes,fiber optic,month-to-month,no,mailed check,84.98,4011.13,yes
cust-0965,male,0,41.0,yes,fiber optic,one year,no,credit card,32.98,,yes
cust-0070,female,0,59.0,yes,no,month-to-month,no,electronic check,,6303.41,no
cust-0292,male,0,15.0,yes,dsl,one year,no,electronic check,98.15,1405.67,no
cust-0132,male,0,19.0,yes,dsl,two year,yes,electronic check,38.56,,no
cust-0301,male,0,29.0,yes,fiber optic,month-to-month,yes,electronic check,49.73,1512.01,no
cust-0606,male,0,7.0,yes,dsl,month-to-month,yes,electronic check,98.07,709.28,no
cust-0327,female,0,,yes,dsl,month-to-month,yes,bank transfer,53.03,,no
cust-0145,male,0,4.0,yes,dsl,month-to-month,no,bank transfer,91.45,368.01,no
cust-0899,male,0,16.0,yes,no,month-to-month,no,credit card,30.53,495.67,yes
cust-0669,male,0,55.0,yes,no,one year,yes,mailed check,52.1,,no
cust-0136,male,0,11.0,yes,dsl,one year,no,bank transfer,60.9,643.19,yes
cust-0452,female,0,56.0,yes,no,one year,no,electronic check,71.82,3959.12,no
cust-0165,male,0,66.0,yes,dsl,one year,yes,mailed check,102.05,6964.14,no
cust-0029,female,0,57.0,yes,dsl,month-to-month,no,bank transfer,60.21,3594.88,no
cust-0588,male,0,10.0,yes,fiber optic,month-to-month,no,credit card,80.94,821.18,no
cust-0194,female,0,28.0,yes,dsl,month-to-month,yes,mailed check,89.99,,yes
cust-0430,male,1,60.0,yes,no,month-to-month,yes,electronic check,35.47,2223.44,yes
cust-0666,male,1,57.0,yes,fiber optic,two year,yes,mailed check,35.04,2083.67,no
cust-0987,female,0,4.0,yes,fiber optic,one year,yes,credit card,70.42,274.97,no
cust-0170,female,0,28.0,yes,fiber optic,two year,yes,mailed check,77.85,2225.82,no
cust-0526,male,0,51.0,yes,dsl,month-to-month,yes,electronic check,88.51,4426.13,yes
cust-0141,female,0,21.0,yes,fiber optic,month-to-month,yes,electronic check,93.95,,yes
cust-0174,male,0,,yes,no,month-to-month,no,electronic check,59.01,3164.2,yes
cust-0007,male,0,54.0,yes,fiber optic,month-to-month,yes,mailed check,63.47,3461.16,no
cust-0765,male,0,36.0,yes,dsl,one year,yes,mailed check,64.96,2333.55,no
cust-0520,male,1,68.0,yes,no,two year,yes,electronic check,0.01,1687.9,yes
cust-0679,female,0,50.0,yes,dsl,month-to-month,yes,credit card,63.9,3175.58,no
cust-0074,female,0,49.0,yes,no,one year,yes,credit card,43.51,2161.48,no
cust-0714,male,0,15.0,yes,no,month-to-month,no,bank transfer,87.75,1354.15,no
cust-0676,female,0,20.0,yes,dsl,one year,no,electronic check,91.28,1855.03,no
cust-0239,female,1,71.0,yes,fiber optic,month-to-month,no,electronic check,43.61,3122.63,no
cust-0146,male,1,28.0,no,fiber optic,month-to-month,yes,mailed check,98.7,2631.43,no
cust-0824,male,0,12.0,yes,dsl,month-to-month,yes,mailed check,84.55,1029.58,no
cust-0235,male,0,0.0,yes,no,month-to-month,yes,bank transfer,108.65,0.0,no
cust-0221,female,1,38.0,yes,fiber optic,two year,yes,credit card,,2901.19,no
cust-0215,female,0,39.0,yes,fiber optic,one year,yes,credit card,54.75,2055.12,no
cust-0689,female,0,12.0,yes,no,month-to-month,yes,credit card,49.59,574.71,no
cust-0133,male,0,32.0,yes,fiber optic,one year,yes,bank transfer,42.49,1399.76,no
cust-0404,female,0,2.0,yes,fiber optic,one year,no,mailed check,90.61,180.63,no
cust-0458,male,0,29.0,yes,fiber optic,one year,no,electronic check,24.06,,no
cust-0685,female,0,63.0,yes,no,one year,yes,bank transfer,37.88,2316.38,no
cust-0423,male,0,21.0,yes,dsl,month-to-month,no,mailed check,108.73,2248.53,yes
cust-0186,female,1,11.0,yes,fiber optic,one year,yes,electronic check,49.81,556.68,no
cust-0042,male,0,50.0,yes,dsl,month-to-month,yes,credit card,28.55,1371.58,yes
cust-0639,male,1,40.0,no,dsl,month-to-month,no,electronic check,67.69,2837.27,yes
cust-0109,male,0,36.0,yes,fiber optic,month-to-month,no,mailed check,43.36,1606.35,no
cust-0617,male,1,5.0,yes,no,two year,no,electronic check,82.18,,no
cust-0057,male,0,70.0,yes,no,one year,no,electronic check,101.39,6931.34,yes
cust-0450,male,0,68.0,yes,fiber optic,month-to-month,no,electronic check,50.18,3443.03,no
cust-0774,male,1,54.0,yes,fiber optic,month-to-month,no,credit card,20.74,1161.44,no
cust-0590,male,0,64.0,yes,no,two year,yes,mailed check,90.38,5540.13,no
cust-0896,male,0,28.0,yes,dsl,month-to-month,yes,electronic check,59.23,1584.18,yes
cust-0436,female,0,41.0,yes,dsl,one year,yes,electronic check,84.05,3433.08,no
cust-0025,male,1,21.0,yes,fiber optic,two year,no,credit card,,,no
cust-0811,female,0,42.0,yes,dsl,month-to-month,yes,electronic check,57.41,2387.31,yes
cust-0495,male,0,35.0,yes,fiber optic,month-to-month,no,credit card,26.0,929.57,no
cust-0827,male,0,7.0,yes,fiber optic,month-to-month,yes,electronic check,96.19,671.92,yes
cust-0982,female,0,,yes,fiber optic,month-to-month,yes,bank transfer,77.37,5640.74,yes
cust-0929,female,0,36.0,yes,dsl,one year,yes,bank transfer,88.35,,yes
cust-0966,male,0,5.0,yes,fiber optic,one year,no,mailed check,102.82,,no
cust-0339,male,0,20.0,yes,dsl,one year,no,mailed check,107.79,2160.29,no
cust-0052,female,0,41.0,yes,fiber optic,month-to-month,yes,electronic check,24.35,1023.89,no
cust-0384,female,0,36.0,yes,dsl,month-to-month,no,electronic check,64.53,2383.11,no
cust-0540,male,0,45.0,yes,dsl,month-to-month,no,electronic check,,911.62,no
cust-0992,female,0,19.0,yes,fiber optic,one year,yes,mailed check,93.57,1791.09,yes
cust-0661,male,0,13.0,yes,dsl,month-to-month,no,bank transfer,30.4,408.12,yes
cust-0964,male,0,59.0,yes,fiber optic,month-to-month,yes,electronic check,64.7,3827.82,no
cust-0265,female,0,62.0,yes,dsl,one year,no,electronic check,100.61,6436.38,no
cust-0955,male,1,45.0,yes,fiber optic,month-to-month,no,electronic check,20.75,963.94,no
cust-0742,male,0,37.0,yes,dsl,one year,yes,bank transfer,62.05,2400.67,no
cust-0713,male,0,68.0,yes,no,month-to-month,yes,electronic check,64.74,4411.12,yes
cust-0445,female,1,34.0,yes,fiber optic,two year,yes,electronic check,31.4,1070.82,no
cust-0396,female,0,10.0,yes,dsl,month-to-month,yes,mailed check,92.93,969.71,no
cust-0542,female,0,12.0,yes,dsl,two year,yes,bank transfer,22.73,266.58,no
cust-0496,male,0,6.0,yes,no,month-to-month,no,bank transfer,94.67,574.53,yes
cust-0019,male,1,15.0,yes,dsl,one year,yes,electronic check,,707.67,no
cust-0747,male,0,41.0,yes,fiber optic,month-to-month,yes,credit card,92.9,3723.41,no
cust-0523,female,0,24.0,yes,fiber optic,month-to-month,yes,mailed check,50.97,1247.96,no
cust-0595,female,0,35.0,yes,dsl,two year,yes,electronic check,57.76,1922.09,no
cust-0480,female,0,45.0,yes,dsl,two year,yes,mailed check,97.67,4283.21,no
cust-0368,female,1,12.0,no,fiber optic,month-to-month,yes,electronic check,29.3,360.65,yes
cust-0084,male,1,27.0,yes,dsl,two year,yes,bank transfer,43.33,1182.51,no
cust-0062,male,1,57.0,yes,dsl,one year,yes,credit card,51.12,2849.17,no
cust-0484,female,0,46.0,yes,fiber optic,month-to-month,yes,electronic check,82.03,,no
cust-0273,female,0,21.0,yes,fiber optic,two year,no,electronic check,63.21,,no
cust-0286,male,0,45.0,yes,dsl,month-to-month,yes,mailed check,79.34,3613.8,yes
cust-0361,male,1,11.0,yes,fiber optic,two year,yes,electronic check,55.17,608.96,no
cust-0355,male,0,41.0,yes,fiber optic,two year,no,bank transfer,85.74,3520.08,no
cust-0612,female,0,1.0,yes,dsl,one year,no,mailed check,98.22,99.36,no
cust-0279,female,0,33.0,yes,fiber optic,month-to-month,yes,electronic check,,,yes
cust-0013,female,1,21.0,yes,dsl,month-to-month,no,bank transfer,49.21,,yes
cust-0183,female,0,22.0,yes,dsl,one year,yes,electronic check,31.69,680.88,no
cust-0369,male,0,61.0,yes,dsl,month-to-month,no,credit card,36.26,2180.22,no
cust-0528,male,0,24.0,yes,fiber optic,month-to-month,no,credit card,99.9,2431.5,no
cust-0644,male,0,66.0,yes,no,month-to-month,yes,credit card,55.1,3511.38,no
cust-0224,male,1,35.0,yes,fiber optic,month-to-month,yes,electronic check,90.78,3273.5,yes
cust-0600,male,1,35.0,yes,fiber optic,one year,no,credit card,,751.6,no
cust-0766,female,0,18.0,yes,dsl,month-to-month,yes,credit card,30.09,552.4,no
cust-0707,male,0,65.0,yes,dsl,two year,yes,credit card,20.78,1303.87,yes
cust-0571,female,0,35.0,no,fiber optic,two year,no,electronic check,38.34,1407.68,no
cust-0487,male,0,50.0,yes,no,month-to-month,yes,electronic check,62.19,3107.33,no
cust-0466,male,0,64.0,yes,no,month-to-month,no,credit card,88.63,5556.38,yes
cust-0933,female,0,42.0,yes,fiber optic,month-to-month,no,credit card,76.46,3282.47,yes
cust-0637,female,0,16.0,yes,no,month-to-month,no,bank transfer,63.88,1008.12,no
cust-0177,female,0,51.0,yes,fiber optic,two year,no,mailed check,33.78,1667.31,no
cust-0696,female,0,38.0,yes,dsl,one year,yes,bank transfer,21.68,795.29,no
cust-0656,male,1,39.0,yes,dsl,one year,yes,bank transfer,73.53,2769.99,no
cust-0614,male,0,37.0,yes,dsl,month-to-month,no,credit card,74.79,2891.9,yes
cust-0457,male,0,19.0,yes,dsl,two year,no,electronic check,,1837.53,no
cust-0545,female,1,5.0,yes,dsl,month-to-month,yes,mailed check,43.96,223.35,no
cust-0394,female,0,66.0,yes,fiber optic,month-to-month,yes,electronic check,22.26,1516.95,no
cust-0164,female,0,11.0,yes,dsl,month-to-month,yes,electronic check,83.53,883.14,no
cust-0249,female,1,30.0,yes,fiber optic,one year,no,electronic check,75.42,2256.96,no
cust-0663,female,1,19.0,yes,dsl,month-to-month,yes,bank transfer,106.37,2062.25,yes
cust-0921,female,0,8.0,yes,fiber optic,month-to-month,yes,credit card,33.98,258.68,no
cust-0998,male,0,1.0,yes,fiber optic,month-to-month,no,bank transfer,20.65,,no
cust-0376,male,1,30.0,yes,fiber optic,two year,yes,electronic check,23.13,671.6,no
cust-0413,female,0,65.0,yes,fiber optic,one year,no,bank transfer,63.15,4224.28,no
cust-0075,female,1,64.0,yes,fiber optic,month-to-month,yes,credit card,108.37,7042.88,no
cust-0917,male,1,66.0,yes,no,month-to-month,no,mailed check,87.75,5750.49,no
cust-0114,female,0,48.0,yes,dsl,one year,no,mailed check,51.08,2390.74,no
cust-0501,female,0,47.0,yes,fiber optic,one year,no,mailed check,62.33,2882.38,no
cust-0586,male,0,67.0,yes,dsl,two year,yes,bank transfer,101.7,6688.38,no
cust-0115,female,0,42.0,yes,no,one year,yes,mailed check,109.2,4673.4,no
cust-0418,male,0,25.0,yes,dsl,two year,yes,electronic check,88.78,2278.45,yes
cust-0090,male,0,66.0,yes,dsl,month-to-month,yes,mailed check,21.65,1455.67,yes
cust-0959,male,0,1.0,yes,fiber optic,month-to-month,yes,credit card,66.08,63.34,no
cust-0902,male,0,56.0,yes,fiber optic,month-to-month,yes,mailed check,50.74,2721.76,no
cust-0634,female,0,34.0,yes,fiber optic,one year,yes,bank transfer,91.45,3254.22,no
cust-0678,male,0,,yes,dsl,two year,no,mailed check,27.13,361.24,no
cust-0012,female,1,57.0,yes,dsl,two year,no,mailed check,56.72,3176.48,no
cust-0397,female,0,14.0,yes,dsl,month-to-month,yes,credit card,91.72,1327.86,no
cust-0558,male,0,55.0,yes,fiber optic,month-to-month,no,credit card,43.52,2417.85,yes
cust-0043,male,0,68.0,yes,dsl,one year,yes,bank transfer,85.54,5770.7,no
cust-0168,male,0,30.0,yes,fiber optic,two year,yes,credit card,52.25,1545.21,no
cust-0417,male,0,49.0,yes,dsl,one year,yes,electronic check,72.76,,no
cust-0788,male,0,37.0,no,dsl,two year,no,credit card,64.97,2317.54,no
cust-0427,male,0,45.0,yes,dsl,month-to-month,yes,bank transfer,103.69,4713.72,no
cust-0918,female,0,34.0,yes,dsl,month-to-month,no,credit card,45.38,1512.8,yes
cust-0447,female,0,28.0,yes,dsl,one year,yes,credit card,55.86,1543.6,no
cust-0715,male,0,51.0,yes,no,one year,yes,electronic check,94.09,4667.99,no
cust-0732,female,0,13.0,no,no,month-to-month,yes,electronic check,29.2,376.68,no
cust-0258,female,0,68.0,no,dsl,month-to-month,yes,bank transfer,30.3,2043.89,no
cust-0336,male,0,62.0,yes,fiber optic,month-to-month,yes,credit card,50.77,3249.33,no
cust-0016,male,1,33.0,yes,fiber optic,month-to-month,yes,bank transfer,63.08,2053.24,no
cust-0658,male,0,17.0,yes,fiber optic,month-to-month,no,mailed check,,1571.47,no
cust-0325,female,1,57.0,yes,dsl,month-to-month,yes,electronic check,100.83,5462.11,no
cust-0790,female,0,2.0,yes,fiber optic,one year,no,electronic check,33.36,67.3,no
cust-0223,male,0,62.0,yes,dsl,one year,no,electronic check,31.29,1979.62,no
cust-0180,male,0,57.0,yes,dsl,two year,yes,electronic check,93.82,5577.89,no
cust-0100,male,0,43.0,yes,dsl,month-to-month,yes,credit card,46.79,,no
cust-0522,male,1,63.0,yes,dsl,month-to-month,no,electronic check,67.1,4052.65,no
cust-0023,male,1,48.0,yes,fiber optic,month-to-month,no,electronic check,80.23,3733.86,yes
cust-0357,male,1,,yes,fiber optic,month-to-month,yes,credit card,81.59,1032.77,yes
cust-0697,male,0,50.0,yes,dsl,two year,yes,mailed check,92.42,4584.56,no
cust-0897,male,0,70.0,yes,fiber optic,one year,yes,electronic check,60.7,4077.15,no
cust-0341,male,0,49.0,yes,no,month-to-month,yes,mailed check,58.1,2777.46,yes
cust-0432,female,0,67.0,yes,fiber optic,month-to-month,no,credit card,29.49,1926.41,no
cust-0577,male,0,,yes,fiber optic,month-to-month,no,mailed check,105.8,6917.54,no
cust-0868,male,0,31.0,yes,fiber optic,month-to-month,yes,bank transfer,39.2,1184.52,yes
cust-0204,female,0,25.0,yes,dsl,month-to-month,yes,bank transfer,40.73,977.73,yes
cust-0737,male,0,68.0,yes,no,month-to-month,no,bank transfer,95.07,6505.26,yes
cust-0094,female,0,42.0,yes,dsl,month-to-month,no,bank transfer,87.84,3790.24,no
cust-0584,male,0,22.0,yes,fiber optic,month-to-month,yes,electronic check,25.02,529.58,no
cust-0069,male,0,60.0,yes,dsl,one year,no,mailed check,99.19,5988.29,no
cust-0651,male,0,67.0,yes,dsl,one year,no,credit card,86.07,5519.49,no
cust-0285,female,0,8.0,yes,fiber optic,month-to-month,yes,credit card,41.63,342.05,yes
cust-0837,female,0,28.0,yes,dsl,month-to-month,yes,credit card,94.9,2567.63,no
cust-0435,male,0,44.0,yes,no,one year,yes,mailed check,68.92,3180.82,no
cust-0154,male,0,20.0,yes,no,month-to-month,yes,mailed check,104.79,,yes
cust-0076,female,0,,yes,no,month-to-month,yes,credit card,100.81,,yes
cust-0762,male,1,9.0,no,dsl,one year,yes,bank transfer,78.61,709.75,no
cust-0189,female,0,33.0,yes,fiber optic,month-to-month,no,credit card,85.74,2836.0,no
cust-0272,female,1,50.0,yes,no,one year,yes,bank transfer,71.48,,no
cust-0237,male,1,28.0,yes,dsl,month-to-month,no,electronic check,50.43,,no
cust-0488,male,0,6.0,yes,no,month-to-month,no,electronic check,46.44,280.43,no
cust-0560,female,1,62.0,no,dsl,month-to-month,yes,electronic check,47.88,,no
cust-0118,male,1,12.0,no,fiber optic,month-to-month,no,mailed check,25.62,308.43,yes
cust-0852,female,0,26.0,yes,fiber optic,month-to-month,yes,electronic check,45.88,1224.87,yes
cust-0513,female,1,42.0,no,fiber optic,month-to-month,yes,bank transfer,48.53,1973.11,no
cust-0579,male,0,69.0,yes,dsl,month-to-month,yes,credit card,47.8,3371.28,yes
cust-0828,male,1,51.0,yes,fiber optic,month-to-month,yes,electronic check,25.75,,yes
cust-0127,female,0,8.0,no,no,month-to-month,no,electronic check,,430.71,no
cust-0117,female,0,70.0,yes,fiber optic,two year,yes,mailed check,56.42,,no
cust-0474,female,0,4.0,yes,no,month-to-month,no,bank transfer,52.56,211.22,yes
cust-0724,female,0,29.0,yes,no,one year,no,credit card,58.12,1669.34,no
cust-0058,male,0,65.0,yes,dsl,one year,yes,credit card,107.19,6768.86,no
cust-0705,male,0,28.0,yes,fiber optic,month-to-month,no,credit card,,,no
cust-0949,female,0,,yes,dsl,two year,yes,credit card,46.32,3383.84,no
cust-0370,male,0,33.0,yes,dsl,month-to-month,no,credit card,31.7,1097.31,yes
cust-0269,male,0,35.0,yes,,month-to-month,no,electronic check,98.29,3340.54,yes
cust-0047,male,0,61.0,yes,fiber optic,month-to-month,yes,mailed check,60.06,3534.53,yes
cust-0350,female,0,21.0,yes,no,one year,yes,electronic check,29.16,602.48,no
cust-0196,male,1,39.0,yes,fiber optic,month-to-month,yes,electronic check,100.37,3891.38,no
cust-0103,male,1,51.0,no,dsl,month-to-month,no,credit card,81.82,,no
cust-0869,female,0,46.0,no,dsl,month-to-month,yes,credit card,54.65,2408.23,yes
cust-0722,male,0,17.0,yes,dsl,month-to-month,yes,bank transfer,,938.12,no
cust-0768,female,0,28.0,yes,no,month-to-month,yes,electronic check,63.11,1744.7,yes
cust-0264,female,0,16.0,yes,dsl,month-to-month,yes,electronic check,37.71,611.46,no
cust-0444,male,0,39.0,yes,fiber optic,month-to-month,yes,electronic check,58.58,2377.47,yes
cust-0706,female,0,11.0,yes,dsl,two year,yes,credit card,,886.95,no
cust-0305,female,0,71.0,yes,,two year,no,bank transfer,30.82,,no
cust-0342,male,0,64.0,yes,fiber optic,month-to-month,yes,mailed check,20.41,1256.65,yes
cust-0627,male,0,46.0,yes,fiber optic,one year,no,mailed check,33.37,1491.85,no
cust-0148,female,0,27.0,no,dsl,one year,yes,credit card,89.95,2402.37,no
cust-0150,male,1,25.0,yes,fiber optic,one year,no,electronic check,93.07,2373.85,no
cust-0125,male,0,33.0,yes,no,month-to-month,no,bank transfer,55.89,1873.78,no
cust-0818,male,0,,yes,fiber optic,two year,no,mailed check,101.54,2656.75,no
cust-0856,male,0,11.0,yes,dsl,month-to-month,no,credit card,86.07,978.19,yes
cust-0051,female,1,43.0,yes,fiber optic,month-to-month,no,bank transfer,100.0,4242.58,no
cust-0354,male,0,55.0,yes,no,month-to-month,yes,electronic check,79.43,4517.64,no
cust-0967,female,0,65.0,yes,fiber optic,month-to-month,yes,electronic check,59.67,,yes
cust-0143,male,0,13.0,yes,dsl,two year,no,credit card,74.98,953.44,no
cust-0471,male,0,56.0,yes,dsl,month-to-month,yes,bank transfer,67.5,3868.84,yes
cust-0400,female,0,28.0,yes,dsl,month-to-month,yes,credit card,80.51,2246.92,no
cust-0654,female,0,27.0,yes,fiber optic,month-to-month,yes,bank transfer,31.48,832.14,yes
cust-0321,female,0,6.0,yes,fiber optic,two year,no,mailed check,98.74,585.06,no
cust-0020,male,0,,yes,no,one year,yes,credit card,,2860.41,no
cust-0843,male,0,50.0,yes,fiber optic,month-to-month,yes,electronic check,33.77,1649.37,yes
cust-0947,male,0,1.0,yes,fiber optic,month-to-month,yes,bank transfer,80.0,76.4,no
cust-0842,female,0,56.0,yes,fiber optic,month-to-month,yes,credit card,58.22,3246.49,no
cust-0408,male,0,40.0,yes,no,month-to-month,yes,credit card,94.72,3838.02,no
cust-0538,male,0,11.0,yes,fiber optic,one year,no,mailed check,44.15,509.86,no
cust-0880,male,0,21.0,yes,dsl,two year,no,credit card,43.49,936.62,no
cust-0039,female,0,61.0,yes,dsl,month-to-month,no,mailed check,29.52,1817.37,no
cust-0176,male,0,41.0,yes,fiber optic,one year,no,bank transfer,104.42,,no
cust-0246,female,0,61.0,yes,dsl,one year,yes,bank transfer,91.15,5422.41,yes
cust-0938,female,0,27.0,yes,fiber optic,one year,yes,credit card,57.5,1611.83,no
cust-0698,female,0,8.0,yes,dsl,two year,yes,mailed check,32.41,248.09,no
cust-0786,female,1,46.0,no,fiber optic,month-to-month,no,credit card,23.08,1053.64,yes
cust-0894,male,0,50.0,no,fiber optic,two year,yes,electronic check,48.76,2326.16,no
cust-0155,female,0,34.0,no,fiber optic,month-to-month,yes,electronic check,99.91,3371.41,yes
cust-0288,female,0,40.0,no,no,month-to-month,yes,credit card,108.42,4356.77,no
cust-0631,female,0,14.0,yes,dsl,month-to-month,yes,bank transfer,,708.52,yes
cust-0570,male,0,7.0,yes,fiber optic,two year,yes,credit card,95.9,658.2,no
cust-0775,female,0,65.0,yes,no,one year,yes,electronic check,100.89,6465.49,no
cust-0018,female,0,70.0,yes,fiber optic,one year,yes,mailed check,47.86,3474.78,no
cust-0128,female,0,32.0,yes,fiber optic,month-to-month,no,electronic check,47.04,1546.0,yes
cust-0323,female,1,8.0,yes,no,month-to-month,no,credit card,108.29,871.07,no
cust-0256,female,0,59.0,yes,fiber optic,two year,yes,electronic check,69.6,3971.0,no
cust-0993,male,0,46.0,no,dsl,month-to-month,yes,bank transfer,,4937.7,yes
cust-0191,male,0,34.0,yes,dsl,month-to-month,yes,bank transfer,103.79,3681.82,yes
cust-0116,female,0,60.0,no,fiber optic,month-to-month,no,bank transfer,29.18,1812.45,no
cust-0645,male,0,66.0,yes,fiber optic,two year,yes,electronic check,,3633.12,no
cust-0607,male,0,67.0,yes,fiber optic,month-to-month,yes,electronic check,45.88,,yes
cust-0181,male,1,23.0,yes,no,month-to-month,no,credit card,38.84,881.23,no
cust-0302,female,1,51.0,yes,dsl,one year,yes,credit card,21.78,1147.63,no
cust-0791,male,0,14.0,yes,no,one year,yes,electronic check,55.9,780.76,no
cust-0744,female,0,17.0,yes,dsl,one year,yes,mailed check,100.51,1740.86,no
cust-0755,male,1,16.0,yes,no,month-to-month,no,mailed check,69.2,1062.19,yes
cust-0793,female,0,35.0,yes,fiber optic,one year,no,electronic check,109.9,3931.76,yes
cust-0518,female,1,44.0,yes,fiber optic,two year,yes,mailed check,96.57,4077.42,no
cust-0373,male,1,8.0,yes,fiber optic,month-to-month,yes,electronic check,64.79,532.43,yes
cust-0046,female,0,24.0,yes,fiber optic,two year,yes,electronic check,23.36,544.16,no
cust-0946,male,0,34.0,yes,dsl,month-to-month,no,mailed check,90.2,3194.51,no
cust-0961,male,0,26.0,yes,no,one year,yes,credit card,78.74,,no
cust-0172,male,1,33.0,yes,dsl,month-to-month,yes,mailed check,97.41,3240.58,yes
cust-0017,male,0,7.0,yes,dsl,month-to-month,no,bank transfer,24.02,168.67,yes
cust-0512,male,0,3.0,yes,no,one year,yes,electronic check,53.03,157.43,no
cust-0049,female,1,28.0,yes,fiber optic,one year,no,mailed check,51.62,1382.18,no
cust-0943,female,0,9.0,yes,fiber optic,month-to-month,no,electronic check,25.54,224.09,yes
cust-0875,male,0,50.0,yes,dsl,two year,yes,credit card,42.79,2173.1,no
cust-0516,male,0,46.0,no,dsl,month-to-month,no,mailed check,52.07,2350.22,no
cust-0717,female,0,49.0,yes,dsl,month-to-month,yes,credit card,63.89,3086.25,no
cust-0481,female,0,4.0,yes,dsl,two year,yes,electronic check,60.39,244.34,no
cust-0284,male,0,65.0,no,no,two year,yes,mailed check,,2347.79,no
cust-0750,female,0,71.0,no,dsl,month-to-month,yes,electronic check,65.44,4694.1,no
cust-0866,female,1,57.0,yes,no,two year,yes,mailed check,94.89,5449.41,no
cust-0226,male,0,30.0,yes,no,month-to-month,yes,electronic check,63.45,,no
cust-0027,male,1,26.0,yes,dsl,month-to-month,yes,mailed check,,2009.38,yes
cust-0814,female,0,34.0,yes,fiber optic,month-to-month,yes,electronic check,76.48,2601.98,yes
cust-0438,female,0,23.0,yes,fiber optic,month-to-month,no,bank transfer,80.53,1940.61,yes
cust-0991,female,0,41.0,yes,fiber optic,month-to-month,no,mailed check,35.26,1479.55,no
cust-0365,female,0,40.0,yes,dsl,one year,yes,credit card,38.38,1593.03,no
cust-0230,female,0,26.0,yes,dsl,month-to-month,yes,electronic check,94.41,2489.98,no
cust-0038,male,0,12.0,no,no,month-to-month,yes,bank transfer,77.01,878.46,no
cust-0670,male,0,23.0,yes,no,two year,yes,electronic check,45.94,,yes
cust-0375,male,0,46.0,yes,dsl,month-to-month,yes,mailed check,101.14,4573.72,no
cust-0470,female,0,48.0,yes,fiber optic,month-to-month,no,bank transfer,62.34,2896.45,no
cust-0886,male,0,62.0,yes,dsl,one year,no,credit card,68.17,4303.17,no
cust-0735,male,0,11.0,yes,no,month-to-month,no,bank transfer,108.75,1246.23,yes
cust-0757,female,1,,yes,fiber optic,two year,yes,bank transfer,64.68,2374.82,no
cust-0195,male,0,47.0,yes,fiber optic,two year,yes,mailed check,86.49,4165.74,no
cust-0890,male,1,6.0,yes,no,month-to-month,yes,bank transfer,45.07,257.84,yes
cust-0900,male,0,,yes,,month-to-month,no,mailed check,36.64,2375.18,no
cust-0504,female,0,68.0,yes,fiber optic,month-to-month,no,electronic check,107.26,7453.92,no
cust-0767,female,0,3.0,yes,dsl,one year,yes,credit card,,186.56,no
cust-0865,male,1,60.0,yes,no,month-to-month,yes,credit card,89.96,,no
cust-0580,male,0,13.0,yes,fiber optic,one year,yes,credit card,,954.04,yes
cust-0863,female,0,52.0,yes,fiber optic,two year,yes,mailed check,87.31,4607.06,no
cust-0681,female,0,53.0,yes,dsl,month-to-month,yes,bank transfer,38.19,2021.96,yes
cust-0163,female,0,44.0,yes,fiber optic,two year,yes,credit card,,1301.09,no
cust-0733,female,0,33.0,yes,no,month-to-month,yes,bank transfer,96.01,3098.23,yes
cust-0153,male,0,25.0,yes,fiber optic,one year,yes,bank transfer,61.12,1472.73,no
cust-0712,female,0,44.0,yes,fiber optic,month-to-month,yes,electronic check,20.12,921.53,no
cust-0731,male,0,21.0,yes,no,one year,yes,credit card,77.96,1706.16,no
cust-0787,female,0,13.0,yes,dsl,month-to-month,yes,mailed check,35.33,455.85,no
cust-0112,male,0,47.0,yes,dsl,month-to-month,no,electronic check,86.19,3867.55,no
cust-0227,female,0,25.0,yes,dsl,two year,no,bank transfer,49.79,1260.17,no
cust-0719,male,1,56.0,no,dsl,one year,no,bank transfer,27.16,,no
cust-0104,female,1,11.0,yes,dsl,month-to-month,no,mailed check,102.2,1144.41,no
cust-0422,female,0,28.0,yes,dsl,one year,no,electronic check,75.48,2064.56,no
cust-0420,female,1,24.0,yes,,month-to-month,yes,mailed check,88.25,2198.63,yes
cust-0782,female,1,53.0,yes,no,month-to-month,yes,bank transfer,25.72,1373.76,yes
cust-0587,male,0,54.0,yes,fiber optic,one year,no,bank transfer,84.91,4628.18,no
cust-0812,female,0,59.0,yes,fiber optic,two year,yes,bank transfer,61.35,3513.51,no
cust-0673,male,1,10.0,yes,dsl,month-to-month,no,electronic check,57.74,596.96,yes
cust-0120,female,0,7.0,yes,dsl,one year,yes,electronic check,28.31,191.46,no
cust-0054,female,0,49.0,no,fiber optic,one year,no,mailed check,78.3,3688.81,yes
cust-0152,male,0,68.0,no,fiber optic,month-to-month,yes,electronic check,24.75,1764.57,no
cust-0985,female,0,5.0,yes,no,month-to-month,yes,electronic check,28.86,145.45,no
cust-0208,female,0,63.0,yes,dsl,two year,yes,electronic check,,6407.74,no
cust-0659,female,0,,yes,fiber optic,one year,no,electronic check,92.23,,no
cust-0925,male,0,59.0,no,dsl,month-to-month,no,mailed check,23.29,1316.84,yes
cust-0794,female,0,25.0,yes,fiber optic,month-to-month,no,bank transfer,108.85,2605.5,yes
cust-0009,female,0,44.0,yes,fiber optic,month-to-month,no,electronic check,108.44,4557.55,no
cust-0980,female,1,71.0,yes,no,two year,yes,credit card,60.68,4107.73,no
cust-0037,male,0,19.0,yes,no,month-to-month,yes,mailed check,48.27,937.44,yes
cust-0453,male,1,65.0,yes,no,two year,yes,mailed check,34.73,2301.22,no
cust-0652,female,0,8.0,no,fiber optic,month-to-month,no,electronic check,79.55,608.99,no
cust-0254,male,0,14.0,yes,no,month-to-month,no,mailed check,56.25,795.06,no
cust-0304,female,0,55.0,yes,fiber optic,one year,yes,bank transfer,82.57,4566.14,no
cust-0778,female,0,57.0,no,no,month-to-month,yes,electronic check,21.18,1153.69,no
cust-0572,female,0,48.0,yes,fiber optic,month-to-month,no,credit card,0.01,3992.44,yes
cust-0624,male,1,23.0,yes,dsl,month-to-month,no,mailed check,,1345.89,yes
cust-0741,male,0,12.0,yes,dsl,one year,no,electronic check,58.74,739.74,no
cust-0751,male,0,13.0,yes,no,month-to-month,yes,mailed check,99.84,1337.25,no
cust-0263,male,0,55.0,yes,no,two year,no,bank transfer,80.5,4288.19,no
cust-0611,male,1,37.0,yes,,month-to-month,yes,credit card,22.0,811.13,no
cust-0415,female,0,45.0,yes,fiber optic,one year,no,mailed check,41.62,1843.06,no
cust-0151,female,0,,yes,fiber optic,month-to-month,yes,credit card,68.01,206.77,no
cust-0820,male,0,55.0,no,no,two year,yes,mailed check,80.67,4598.82,no
cust-0926,male,0,44.0,yes,dsl,month-to-month,no,mailed check,,3267.59,yes
cust-0551,female,1,70.0,yes,dsl,two year,no,electronic check,80.23,5418.79,yes
cust-0823,male,0,0.0,yes,dsl,month-to-month,yes,electronic check,65.55,0.0,yes
cust-0489,female,0,,no,dsl,one year,yes,mailed check,,2693.47,yes
cust-0711,female,0,34.0,yes,dsl,one year,no,bank transfer,,1852.38,yes
cust-0147,female,0,59.0,yes,fiber optic,one year,yes,credit card,96.59,5710.53,no
cust-0752,female,0,13.0,no,no,month-to-month,no,credit card,52.23,698.8,yes
cust-0971,female,0,68.0,no,fiber optic,one year,no,credit card,29.43,1932.1,no
cust-0771,male,0,21.0,yes,fiber optic,month-to-month,no,electronic check,105.8,2317.48,no
cust-0660,female,0,53.0,yes,no,month-to-month,yes,credit card,96.11,5068.82,yes
cust-0349,male,1,17.0,yes,no,month-to-month,yes,bank transfer,101.83,1752.77,yes
cust-0464,female,0,49.0,yes,dsl,two year,yes,electronic check,95.07,4531.91,no
cust-0326,female,0,40.0,yes,dsl,one year,no,credit card,85.84,3478.71,no
cust-0187,female,0,15.0,yes,dsl,month-to-month,yes,credit card,,704.2,yes
cust-0124,male,0,40.0,yes,dsl,one year,no,electronic check,95.87,3818.8,no
cust-0889,male,0,3.0,yes,no,month-to-month,yes,bank transfer,30.0,87.81,no
cust-0609,female,0,36.0,no,fiber optic,one year,yes,mailed check,58.39,2041.03,no
cust-0144,male,0,34.0,yes,no,month-to-month,no,electronic check,54.04,,no
cust-0857,male,0,53.0,yes,dsl,month-to-month,no,mailed check,22.77,1226.04,no
cust-0198,female,1,20.0,yes,fiber optic,two year,yes,bank transfer,67.74,1371.74,yes
cust-0610,female,0,25.0,yes,dsl,month-to-month,yes,credit card,32.54,778.85,no
cust-0280,female,0,61.0,yes,fiber optic,two year,yes,bank transfer,29.74,1786.66,no
cust-0294,male,0,26.0,yes,no,month-to-month,yes,electronic check,20.16,506.72,no
cust-0401,male,0,3.0,yes,dsl,month-to-month,yes,mailed check,100.78,306.16,no
cust-0123,male,1,27.0,yes,fiber optic,one year,yes,electronic check,80.56,2268.11,no
cust-0184,female,1,17.0,yes,no,month-to-month,no,electronic check,84.39,1436.71,yes
cust-0203,male,0,58.0,no,no,month-to-month,yes,mailed check,53.53,2960.28,yes
cust-0439,female,0,48.0,yes,fiber optic,month-to-month,yes,bank transfer,83.38,4139.75,no
cust-0247,male,0,36.0,yes,fiber optic,month-to-month,no,electronic check,32.02,1162.72,no
cust-0416,male,1,62.0,yes,fiber optic,one year,yes,bank transfer,31.22,,yes
cust-0808,female,0,58.0,yes,dsl,two year,no,mailed check,53.86,3248.91,no
cust-0797,female,0,12.0,yes,no,two year,yes,mailed check,81.79,,yes
cust-0960,female,0,58.0,no,fiber optic,month-to-month,yes,electronic check,109.3,6417.36,no
cust-0800,female,0,29.0,yes,no,month-to-month,no,bank transfer,47.85,1353.85,no
cust-0924,female,0,39.0,yes,fiber optic,month-to-month,yes,bank transfer,27.84,1034.95,yes
cust-0130,female,0,4.0,yes,dsl,two year,no,electronic check,44.48,179.67,no
cust-0638,male,0,66.0,yes,fiber optic,two year,no,bank transfer,82.79,5444.75,no
cust-0403,female,0,27.0,yes,fiber optic,one year,no,credit card,59.33,1677.05,no
cust-0937,male,0,22.0,yes,fiber optic,month-to-month,yes,credit card,32.31,744.94,no
cust-0802,male,0,25.0,yes,dsl,month-to-month,no,mailed check,67.14,1640.7,no
cust-0736,female,1,17.0,yes,dsl,one year,no,mailed check,77.28,1298.92,yes
cust-0950,female,0,67.0,yes,dsl,one year,no,credit card,,6066.22,no
cust-0220,female,0,46.0,no,no,month-to-month,yes,mailed check,37.77,1725.74,no
cust-0642,male,1,16.0,yes,dsl,month-to-month,no,electronic check,107.18,1754.22,yes
cust-0952,female,0,35.0,yes,dsl,two year,yes,mailed check,51.71,1899.7,no
cust-0784,male,0,47.0,yes,dsl,month-to-month,no,electronic check,66.12,3165.35,no
cust-0888,male,0,13.0,yes,dsl,month-to-month,yes,bank transfer,50.52,657.71,no
cust-0957,female,0,68.0,yes,no,month-to-month,yes,credit card,31.36,,yes
cust-0625,female,0,9.0,yes,dsl,month-to-month,yes,credit card,97.15,857.28,no
cust-0873,female,0,54.0,yes,dsl,month-to-month,no,electronic check,30.22,1550.6,no
cust-0923,female,0,43.0,yes,fiber optic,two year,yes,mailed check,,3254.32,no
cust-0387,male,0,40.0,yes,fiber optic,month-to-month,no,electronic check,78.43,3234.62,yes
cust-0510,female,0,53.0,yes,,month-to-month,yes,electronic check,44.79,2285.81,no
cust-0268,female,0,12.0,yes,dsl,one year,yes,mailed check,64.96,791.69,no
cust-0853,male,1,,yes,dsl,month-to-month,no,bank transfer,34.43,854.31,no
cust-0442,female,0,33.0,yes,dsl,month-to-month,yes,bank transfer,29.99,,yes
cust-0497,female,0,68.0,yes,dsl,month-to-month,no,bank transfer,,4583.99,yes
cust-0113,female,0,15.0,yes,dsl,month-to-month,yes,bank transfer,47.31,677.09,no
cust-0692,male,0,49.0,yes,dsl,one year,yes,bank transfer,39.42,2019.06,no
cust-0233,female,0,51.0,yes,fiber optic,month-to-month,yes,bank transfer,109.04,5504.17,no
cust-0905,male,0,62.0,yes,fiber optic,month-to-month,yes,bank transfer,76.48,4522.75,no
cust-0608,male,0,65.0,yes,dsl,month-to-month,no,bank transfer,49.98,3275.95,no
cust-0672,female,1,62.0,no,fiber optic,month-to-month,no,credit card,79.77,5134.53,yes
cust-0374,female,0,25.0,no,no,month-to-month,yes,credit card,62.84,1560.73,no
cust-0878,female,0,15.0,yes,fiber optic,one year,yes,mailed check,26.31,407.3,no
cust-0234,male,0,3.0,no,no,month-to-month,yes,mailed check,81.12,241.61,no
cust-0817,female,0,7.0,yes,fiber optic,month-to-month,no,credit card,87.34,611.51,yes
cust-0677,male,0,32.0,yes,dsl,one year,yes,mailed check,46.35,1514.33,no
cust-0318,male,0,17.0,yes,dsl,month-to-month,no,mailed check,,971.89,no
cust-0649,female,0,34.0,yes,dsl,month-to-month,yes,electronic check,45.68,1579.63,yes
cust-0411,male,0,12.0,yes,fiber optic,month-to-month,yes,credit card,38.7,445.29,yes
cust-0935,male,0,55.0,yes,no,one year,no,bank transfer,107.12,5877.12,yes
cust-0710,female,0,27.0,no,fiber optic,one year,no,electronic check,53.01,1367.58,no
cust-0359,female,0,11.0,yes,no,one year,yes,mailed check,80.1,853.69,no
cust-0259,female,0,68.0,yes,,month-to-month,yes,credit card,47.49,3231.96,no
cust-0745,male,0,48.0,yes,dsl,two year,no,credit card,68.83,3236.07,no
cust-0628,female,0,4.0,yes,dsl,month-to-month,no,electronic check,0.01,223.15,yes
cust-0633,female,0,45.0,yes,dsl,month-to-month,no,bank transfer,64.02,2878.21,no
cust-0283,male,0,35.0,yes,,two year,yes,credit card,78.58,2733.37,yes
cust-0377,female,0,47.0,yes,fiber optic,month-to-month,no,bank transfer,48.79,2353.97,yes
cust-0385,female,0,19.0,yes,dsl,one year,yes,electronic check,32.04,592.01,no
cust-0225,male,0,19.0,yes,fiber optic,month-to-month,yes,bank transfer,21.63,,yes
cust-0995,male,0,68.0,yes,fiber optic,one year,yes,mailed check,102.27,7277.31,no
cust-0848,female,0,17.0,yes,dsl,month-to-month,no,mailed check,63.26,1099.79,no
cust-0473,male,1,31.0,yes,no,month-to-month,no,electronic check,95.9,2857.99,no
cust-0348,male,0,41.0,yes,no,two year,yes,electronic check,42.79,1693.7,no
cust-0506,male,0,37.0,yes,dsl,two year,yes,mailed check,35.8,1342.32,no
cust-0640,male,1,17.0,yes,dsl,two year,yes,credit card,55.25,908.48,no
cust-0798,female,0,54.0,yes,fiber optic,two year,yes,electronic check,57.49,3092.77,no
cust-0968,male,0,17.0,yes,fiber optic,month-to-month,yes,bank transfer,,,yes
cust-0942,female,0,10.0,yes,no,month-to-month,yes,mailed check,72.51,689.72,no
cust-0620,female,0,36.0,no,dsl,month-to-month,yes,credit card,52.41,1799.86,no
cust-0891,female,0,8.0,yes,dsl,two year,yes,mailed check,,709.1,no
cust-0836,male,0,29.0,no,,month-to-month,yes,mailed check,104.83,,yes
cust-0882,female,1,69.0,yes,no,month-to-month,yes,electronic check,101.69,7000.36,no
cust-0557,male,0,70.0,yes,fiber optic,month-to-month,yes,bank transfer,72.89,4854.47,yes
cust-1000,male,0,24.0,yes,fiber optic,two year,no,credit card,58.6,1361.45,no
cust-0578,female,0,59.0,yes,no,month-to-month,no,credit card,,1753.91,no
cust-0796,female,0,17.0,yes,dsl,month-to-month,yes,bank transfer,55.52,898.6,no
cust-0086,male,0,58.0,no,fiber optic,one year,yes,credit card,23.23,1315.72,no
cust-0243,female,0,14.0,yes,dsl,month-to-month,yes,credit card,71.04,998.05,yes
cust-0699,male,1,41.0,yes,dsl,month-to-month,no,electronic check,89.84,3687.4,yes
cust-0910,male,0,,yes,no,month-to-month,yes,bank transfer,63.52,1623.02,yes
cust-0160,female,0,50.0,yes,fiber optic,month-to-month,yes,credit card,62.44,3100.88,yes
cust-0525,female,0,11.0,yes,dsl,month-to-month,yes,mailed check,89.52,941.32,yes
cust-0036,female,0,49.0,yes,fiber optic,month-to-month,no,credit card,48.44,2374.1,no
cust-0541,female,0,47.0,yes,fiber optic,month-to-month,yes,credit card,98.44,4422.88,yes
cust-0171,female,0,62.0,no,fiber optic,month-to-month,yes,mailed check,,3006.28,no
cust-0655,male,0,53.0,yes,fiber optic,month-to-month,yes,mailed check,97.34,5306.85,yes
cust-0927,male,0,9.0,yes,no,month-to-month,yes,mailed check,46.49,434.22,no
cust-0893,female,0,33.0,yes,dsl,two year,yes,bank transfer,93.08,3196.35,no
cust-0883,male,0,6.0,yes,dsl,month-to-month,yes,mailed check,96.18,595.7,yes
cust-0984,male,0,40.0,yes,fiber optic,month-to-month,no,bank transfer,40.18,1641.3,no
cust-0734,female,0,24.0,yes,dsl,one year,no,electronic check,72.41,1732.79,yes
cust-0096,male,0,39.0,yes,dsl,month-to-month,yes,electronic check,47.88,1888.22,no
cust-0564,male,0,64.0,yes,fiber optic,month-to-month,yes,mailed check,77.26,,yes
cust-0241,female,1,19.0,yes,dsl,month-to-month,yes,electronic check,22.91,454.4,no
cust-0743,female,0,42.0,yes,dsl,one year,no,electronic check,,1807.65,no
cust-0575,female,0,63.0,yes,dsl,one year,no,electronic check,67.94,4257.36,yes
cust-0691,male,0,34.0,yes,,one year,no,bank transfer,46.46,,no
cust-0461,male,0,,yes,no,one year,yes,bank transfer,,998.58,no
cust-0554,female,1,26.0,yes,fiber optic,two year,yes,mailed check,24.77,657.82,no
cust-0858,male,0,68.0,yes,fiber optic,month-to-month,no,mailed check,75.57,,yes
cust-0914,male,0,59.0,yes,dsl,month-to-month,no,mailed check,50.51,3120.6,no
cust-0207,male,0,15.0,yes,dsl,month-to-month,no,electronic check,48.82,704.46,no
cust-0393,male,0,29.0,yes,dsl,month-to-month,no,electronic check,,1170.84,no
cust-0795,male,0,3.0,yes,no,month-to-month,yes,mailed check,99.35,310.4,yes
cust-0398,male,0,51.0,yes,fiber optic,month-to-month,yes,credit card,31.48,1628.55,no
cust-0884,male,0,38.0,yes,no,month-to-month,no,credit card,64.14,2381.59,no
cust-0218,female,0,23.0,yes,no,two year,yes,mailed check,106.61,2557.6,no
cust-0005,male,0,10.0,yes,no,month-to-month,no,credit card,26.77,277.04,no
cust-0769,male,0,70.0,yes,fiber optic,one year,yes,electronic check,100.73,,no
cust-0643,male,0,60.0,yes,dsl,month-to-month,yes,mailed check,28.54,1791.85,no
cust-0934,female,0,66.0,yes,no,month-to-month,no,mailed check,47.13,3223.45,yes
cust-0613,female,0,15.0,yes,fiber optic,month-to-month,no,mailed check,69.87,,yes
cust-0739,male,0,25.0,yes,dsl,one year,yes,electronic check,51.09,1267.94,no
cust-0547,male,0,20.0,yes,fiber optic,two year,no,credit card,57.79,1128.42,no
cust-0726,female,0,60.0,no,no,one year,no,mailed check,101.26,6362.32,no
cust-0954,female,0,18.0,no,no,one year,no,bank transfer,70.38,1255.28,no
cust-0684,female,0,,yes,fiber optic,month-to-month,yes,bank transfer,35.72,,no
cust-0099,male,0,50.0,yes,dsl,two year,yes,electronic check,95.51,4935.82,no
cust-0805,male,0,28.0,yes,dsl,month-to-month,yes,credit card,21.07,,yes
cust-0728,female,1,10.0,yes,fiber optic,two year,no,bank transfer,108.3,1105.35,no
cust-0574,female,1,19.0,yes,fiber optic,month-to-month,no,bank transfer,88.3,1669.01,yes
cust-0407,male,1,16.0,yes,dsl,month-to-month,no,bank transfer,,1550.0,no
cust-0503,male,0,22.0,yes,no,two year,no,electronic check,89.0,1973.67,no
cust-0048,female,0,61.0,yes,no,two year,no,electronic check,,1895.65,no
cust-0033,male,0,69.0,yes,dsl,month-to-month,yes,credit card,59.26,4237.0,no
cust-0780,female,1,54.0,yes,fiber optic,two year,yes,credit card,78.84,4290.96,yes
cust-0840,female,0,9.0,yes,dsl,month-to-month,yes,bank transfer,39.24,355.82,no
cust-0201,female,0,67.0,no,fiber optic,month-to-month,no,electronic check,40.67,,yes
cust-0135,female,0,12.0,yes,no,month-to-month,no,credit card,73.02,879.18,no
cust-0028,female,1,14.0,yes,dsl,one year,yes,bank transfer,89.21,1204.49,no
cust-0916,male,0,43.0,yes,dsl,month-to-month,yes,electronic check,69.69,2938.34,no
cust-0231,female,1,22.0,yes,no,month-to-month,no,bank transfer,73.55,1626.29,no
cust-0490,female,0,15.0,yes,dsl,month-to-month,no,electronic check,65.02,1016.52,yes
cust-0773,male,1,54.0,yes,dsl,month-to-month,yes,bank transfer,107.64,5754.64,no
cust-0379,female,0,47.0,yes,fiber optic,month-to-month,no,electronic check,74.43,3521.5,no
cust-0289,male,0,54.0,yes,fiber optic,month-to-month,no,bank transfer,37.82,2060.72,no
cust-0419,female,0,23.0,yes,no,month-to-month,yes,bank transfer,109.38,2514.11,yes
cust-0675,male,0,52.0,yes,fiber optic,one year,yes,mailed check,81.55,4134.08,no
cust-0392,male,0,63.0,yes,fiber optic,month-to-month,yes,bank transfer,36.14,2366.36,no
cust-0593,male,0,41.0,yes,fiber optic,two year,no,electronic check,64.1,2673.04,no
cust-0499,female,0,29.0,yes,dsl,two year,no,credit card,83.28,2490.65,no
cust-0139,male,0,1.0,no,dsl,month-to-month,yes,bank transfer,20.96,21.61,yes
cust-0063,female,0,66.0,yes,no,month-to-month,no,electronic check,35.43,2314.66,no
cust-0472,female,0,65.0,no,no,two year,yes,electronic check,109.97,6925.47,no
cust-0648,female,0,31.0,yes,fiber optic,one year,no,electronic check,35.9,1124.49,no
cust-0129,male,0,48.0,yes,dsl,one year,yes,credit card,92.29,4481.67,no
cust-0521,female,0,1.0,yes,dsl,month-to-month,yes,electronic check,20.14,20.33,yes
cust-0839,female,1,4.0,yes,fiber optic,two year,yes,mailed check,,321.39,no
cust-0065,male,0,51.0,yes,dsl,month-to-month,no,electronic check,82.4,,yes
cust-0813,male,0,47.0,yes,fiber optic,two year,yes,electronic check,51.49,2347.35,yes
cust-0015,male,0,50.0,yes,fiber optic,two year,yes,bank transfer,88.31,,no
cust-0157,female,0,5.0,yes,fiber optic,month-to-month,yes,electronic check,86.97,441.97,yes
cust-0041,male,0,33.0,yes,fiber optic,month-to-month,yes,bank transfer,28.55,928.67,no
cust-0493,male,0,37.0,yes,dsl,one year,yes,mailed check,49.16,1760.4,no
cust-0380,male,0,18.0,yes,fiber optic,two year,yes,mailed check,63.21,1189.81,no
cust-0188,female,0,35.0,yes,dsl,month-to-month,no,electronic check,69.96,2502.09,no
cust-0764,female,0,7.0,yes,no,two year,yes,credit card,106.47,779.16,no
cust-0217,male,0,6.0,yes,fiber optic,one year,yes,electronic check,101.96,602.64,no
cust-0922,male,0,65.0,yes,dsl,one year,yes,electronic check,,5074.97,no
cust-0792,female,0,10.0,yes,dsl,month-to-month,yes,credit card,101.4,996.33,yes
cust-0053,female,1,39.0,yes,,one year,yes,bank transfer,70.69,2884.94,yes
cust-0879,male,0,61.0,yes,no,month-to-month,yes,bank transfer,22.37,1302.44,yes
cust-0338,female,0,,yes,,two year,yes,credit card,72.35,3111.5,no
cust-0749,female,0,18.0,no,fiber optic,month-to-month,no,electronic check,,1973.36,no
cust-0720,female,0,51.0,yes,fiber optic,two year,no,credit card,63.92,3176.41,yes
cust-0725,female,0,33.0,yes,dsl,month-to-month,yes,credit card,71.45,2345.94,no
cust-0296,female,0,22.0,yes,fiber optic,month-to-month,yes,mailed check,50.64,,no
cust-0702,male,0,44.0,yes,fiber optic,month-to-month,yes,mailed check,47.87,2139.94,no
cust-0252,male,0,33.0,yes,dsl,two year,yes,bank transfer,98.78,3402.76,no
cust-0727,male,0,55.0,yes,dsl,month-to-month,yes,electronic check,55.5,3159.42,no
cust-0462,female,0,,yes,fiber optic,one year,no,mailed check,59.27,2524.81,no
cust-0456,male,1,20.0,yes,dsl,one year,no,mailed check,21.12,417.45,no
cust-0271,female,0,64.0,yes,no,month-to-month,no,electronic check,81.01,5049.88,yes
cust-0816,female,1,6.0,yes,fiber optic,month-to-month,yes,bank transfer,78.33,489.33,yes
cust-0270,male,0,11.0,yes,no,month-to-month,no,bank transfer,,,yes
cust-0202,male,0,4.0,yes,dsl,one year,yes,credit card,41.57,164.27,no
cust-0162,female,0,60.0,yes,dsl,one year,yes,mailed check,59.51,3723.27,no
cust-0556,male,0,52.0,yes,fiber optic,month-to-month,yes,credit card,43.41,2363.9,yes
cust-0730,male,0,23.0,yes,fiber optic,month-to-month,yes,credit card,66.03,1467.84,no
cust-0402,female,0,70.0,yes,dsl,two year,yes,mailed check,60.24,4341.29,no
cust-0703,male,0,64.0,yes,fiber optic,month-to-month,yes,credit card,33.05,2103.77,no
cust-0477,male,0,,yes,fiber optic,month-to-month,yes,bank transfer,83.35,2392.83,yes
cust-0822,male,0,7.0,yes,fiber optic,one year,yes,electronic check,77.39,,no
cust-0772,female,0,28.0,yes,fiber optic,month-to-month,yes,credit card,63.66,1741.56,no
cust-0106,male,0,8.0,yes,no,month-to-month,no,electronic check,70.39,570.16,no
cust-0566,female,0,53.0,yes,dsl,one year,yes,mailed check,102.62,5359.99,no
cust-0390,female,0,39.0,yes,dsl,month-to-month,no,bank transfer,32.7,1246.97,no
cust-0002,female,0,35.0,yes,dsl,one year,yes,bank transfer,71.41,2420.55,no
cust-0977,female,0,,yes,fiber optic,month-to-month,yes,mailed check,85.12,2263.66,no
cust-0562,male,0,15.0,no,dsl,month-to-month,no,electronic check,45.06,695.68,yes
cust-0932,female,0,43.0,yes,fiber optic,month-to-month,no,bank transfer,41.31,1802.73,no
cust-0081,female,0,68.0,yes,fiber optic,one year,yes,mailed check,104.22,7034.21,no
cust-0206,male,0,38.0,yes,fiber optic,one year,no,electronic check,32.1,,no
cust-0035,female,0,37.0,yes,fiber optic,one year,no,credit card,23.38,878.29,no
cust-0776,male,0,21.0,yes,no,month-to-month,no,electronic check,103.8,2201.65,no
cust-0509,female,0,34.0,yes,fiber optic,month-to-month,no,electronic check,52.2,1781.83,yes
cust-0428,female,1,53.0,yes,fiber optic,month-to-month,yes,credit card,54.33,2877.48,yes
cust-0455,male,0,47.0,yes,fiber optic,one year,no,mailed check,22.4,1049.86,no
cust-0367,female,0,61.0,yes,dsl,two year,yes,mailed check,109.65,6894.12,no
cust-0092,female,0,3.0,yes,fiber optic,month-to-month,yes,bank transfer,92.43,270.7,yes
cust-0340,male,0,39.0,yes,no,one year,yes,mailed check,88.53,3434.84,no
cust-0898,female,0,,yes,fiber optic,two year,no,mailed check,21.45,893.42,no
cust-0565,male,0,51.0,yes,fiber optic,one year,yes,bank transfer,85.76,4346.63,no
cust-0346,female,0,37.0,yes,fiber optic,one year,yes,credit card,29.99,1060.33,no
cust-0777,male,0,13.0,yes,no,one year,yes,bank transfer,106.49,1331.49,no
cust-0242,female,0,47.0,yes,fiber optic,month-to-month,no,bank transfer,66.82,3062.03,no
cust-0014,male,0,68.0,yes,fiber optic,month-to-month,no,credit card,90.35,,yes
cust-0316,female,0,6.0,yes,fiber optic,month-to-month,yes,credit card,56.56,,yes
cust-0601,male,0,19.0,yes,dsl,month-to-month,yes,credit card,104.08,1978.17,no
cust-0388,male,0,15.0,yes,dsl,month-to-month,no,bank transfer,,545.62,no
cust-0274,female,0,69.0,yes,no,two year,yes,credit card,,4623.91,no
cust-0167,male,0,3.0,yes,fiber optic,month-to-month,no,mailed check,89.64,263.34,yes
cust-0841,male,0,5.0,yes,no,month-to-month,no,mailed check,79.16,381.19,no
cust-0021,female,0,20.0,yes,dsl,month-to-month,yes,mailed check,27.88,537.96,no
cust-0647,female,0,56.0,yes,fiber optic,month-to-month,no,mailed check,33.7,1796.79,no
cust-0819,male,0,33.0,yes,no,month-to-month,yes,electronic check,97.72,3367.18,yes
cust-0485,female,0,64.0,yes,fiber optic,month-to-month,no,mailed check,74.69,4579.32,yes
cust-0505,female,0,69.0,yes,fiber optic,month-to-month,no,bank transfer,87.16,5770.01,yes
cust-0832,male,0,59.0,yes,dsl,one year,no,electronic check,94.13,5716.4,no
cust-0244,male,1,38.0,yes,no,one year,no,mailed check,70.5,2729.8,yes
cust-0567,male,0,51.0,no,dsl,month-to-month,no,electronic check,102.07,4983.06,yes
cust-0876,male,0,38.0,yes,no,two year,no,credit card,42.4,1648.63,no
cust-0563,male,0,27.0,yes,fiber optic,one year,yes,credit card,100.68,2823.71,no
cust-0994,female,0,28.0,yes,fiber optic,two year,yes,electronic check,104.45,2942.93,no
cust-0687,female,1,59.0,no,fiber optic,month-to-month,no,mailed check,109.94,6390.74,yes
cust-0958,male,0,65.0,yes,dsl,month-to-month,no,electronic check,36.69,2460.02,yes
cust-0190,male,0,16.0,yes,dsl,month-to-month,yes,credit card,67.96,1037.9,no
cust-0783,male,0,44.0,yes,dsl,two year,no,electronic check,39.9,1758.25,no
cust-0976,male,1,21.0,no,fiber optic,one year,yes,mailed check,94.18,2072.38,no
cust-0700,male,0,6.0,yes,dsl,one year,yes,credit card,,548.2,yes
cust-0476,female,0,69.0,yes,no,month-to-month,no,electronic check,76.36,5031.76,yes
cust-0682,male,1,24.0,yes,dsl,month-to-month,no,electronic check,105.74,2489.89,yes
cust-0511,female,0,51.0,yes,,one year,no,bank transfer,92.65,,no
cust-0059,male,0,5.0,yes,dsl,month-to-month,yes,electronic check,109.27,564.13,yes
cust-0475,female,0,50.0,yes,dsl,month-to-month,yes,mailed check,20.93,1068.4,no
cust-0561,female,0,,yes,no,two year,yes,credit card,,927.4,no
cust-0748,female,0,47.0,yes,dsl,two year,yes,credit card,70.01,3389.45,no
cust-0253,female,0,52.0,yes,dsl,month-to-month,yes,bank transfer,57.39,2994.41,yes
cust-0022,male,0,15.0,yes,no,month-to-month,yes,credit card,92.51,1377.68,yes
cust-0314,female,0,1.0,yes,dsl,two year,no,credit card,103.78,99.9,no
cust-0460,male,0,18.0,yes,dsl,month-to-month,no,bank transfer,98.48,1741.56,yes
cust-0161,male,0,6.0,yes,fiber optic,month-to-month,yes,electronic check,83.99,528.72,no
cust-0277,female,0,,yes,no,month-to-month,yes,bank transfer,28.21,1889.42,yes
cust-0956,male,1,53.0,yes,fiber optic,one year,yes,bank transfer,27.44,1480.59,no
cust-0192,female,0,66.0,yes,fiber optic,one year,yes,electronic check,105.63,7114.84,no
cust-0386,female,0,28.0,yes,dsl,two year,no,electronic check,99.71,2673.67,no
cust-0806,female,0,16.0,yes,dsl,two year,yes,bank transfer,46.38,761.91,no
cust-0414,female,0,55.0,no,dsl,month-to-month,yes,electronic check,66.23,3554.73,yes
cust-0492,female,0,42.0,yes,dsl,month-to-month,yes,bank transfer,,,yes
cust-0344,male,0,54.0,yes,dsl,month-to-month,yes,bank transfer,67.41,3733.86,no
cust-0770,female,0,44.0,yes,fiber optic,one year,yes,bank transfer,55.53,2545.32,no
cust-0309,female,0,45.0,yes,fiber optic,month-to-month,no,electronic check,72.42,3271.21,no
cust-0662,female,0,21.0,yes,dsl,two year,no,electronic check,107.24,2161.51,no
cust-0131,male,0,70.0,yes,dsl,one year,no,credit card,85.06,5830.67,no
cust-0664,male,0,,yes,dsl,month-to-month,yes,mailed check,52.17,,no
cust-0872,male,0,,yes,no,one year,yes,electronic check,86.3,4684.72,yes
cust-0088,female,0,26.0,yes,dsl,one year,yes,electronic check,51.68,1369.73,no
cust-0331,male,0,49.0,yes,fiber optic,two year,yes,electronic check,85.39,4305.4,no
cust-0467,male,1,69.0,yes,dsl,two year,yes,electronic check,95.0,6689.62,no
cust-0122,female,1,3.0,yes,no,two year,yes,electronic check,25.08,77.2,no
cust-0861,female,0,49.0,yes,dsl,month-to-month,no,credit card,103.84,5307.47,no
